"OBJECTID","P20HC","ExtremeHC","NP20HC","weights","DHSCC","RequestYear","DHSREGEN","CNTRYNAMEE"
12,0.0361985933989528,0.0104613256521755,0.255326132770676,3575.421055,"AL",2013,"Central","Albania"
13,0.1055620893164,0.0406094577495933,0.461930030900408,686.250163,"AL",2013,"Mountain","Albania"
11,0.0192106801363366,0.00671535410043019,0.154979285804122,2363.636044,"AL",2013,"Coastal","Albania"
14,0,0,0.000490432036072389,1373.692888,"AL",2013,"Tirana","Albania"
4333,0.00171389649387873,0,0.0102847395160614,2479.874377,"AM",2013,"Yerevan","Armenia"
4332,0.0893967599570011,0.0177494508545152,0.34547107986892,386.644807,"AM",2013,"Aragatsotn","Armenia"
4334,0.150193646697357,0.0354165421994286,0.413746211398184,681.73897,"AM",2013,"Ararat","Armenia"
4335,0.152781186985297,0.039898304759964,0.408798524350878,632.706506,"AM",2013,"Armavir","Armenia"
4336,0.136090975589953,0.0655513327318957,0.287357650869017,601.311451,"AM",2013,"Gegharkunik","Armenia"
4337,0.123819369566657,0.045959120075157,0.295082440851122,645.405394,"AM",2013,"Lori","Armenia"
4338,0.0352969371304082,0.00918869638278632,0.149988731195433,799.01998,"AM",2013,"Kotayk","Armenia"
4339,0.0645853060979909,0.0164096782796838,0.184862312014892,685.255543,"AM",2013,"Shirak","Armenia"
4340,0.085322376902932,0.0222130170729873,0.220923237332861,448.244287,"AM",2013,"Syunik","Armenia"
4341,0.127587781166973,0.0628651905806072,0.284196151945784,167.155701,"AM",2013,"Vayots Dzor","Armenia"
4342,0.117749642283756,0.0324911337191517,0.333706477642741,365.643166,"AM",2013,"Tavush","Armenia"
4294,0.446081119658643,0.353069512936557,0.278216709696858,1355.027275,"AO",2013,"Benguela        ","Angola"
4286,0.476367859842438,0.21188229398689,0.122945609355629,285.134184,"AO",2013,"Lunda Sul       ","Angola"
4284,0.0149872193238199,0.0021640151227072,0.0010820075613536,4930.655007,"AO",2013,"Luanda          ","Angola"
4281,0.595480732677314,0.37374606150279,0.227493494056055,352.897292,"AO",2013,"Cuando Cubango  ","Angola"
4288,0.390019181943824,0.276675072579679,0.237890009114574,203.181181,"AO",2013,"Namibe          ","Angola"
4293,0.0891006779250122,0.0174327688338052,0.00540637324744281,397.619051,"AO",2013,"Cabinda         ","Angola"
4283,0.743699334152891,0.528195610761389,0.306165844209375,1363.556719,"AO",2013,"Cuanza Sul      ","Angola"
4292,0.518092599113612,0.277316931589721,0.182775652097322,660.678376,"AO",2013,"Malanje         ","Angola"
4280,0.647081516623708,0.560786062538001,0.502624146832085,1336.999118,"AO",2013,"Huíla           ","Angola"
4285,0.562582152268046,0.366651830709119,0.267498640930528,493.175672,"AO",2013,"Lunda Norte     ","Angola"
4279,0.641770415101439,0.38330041093238,0.226234082597649,1150.485148,"AO",2013,"Huambo          ","Angola"
4287,0.709481956793088,0.429064832873914,0.240842721001791,442.021451,"AO",2013,"Moxico          ","Angola"
4290,0.265957384944471,0.111296103437526,0.0518069912180941,343.065281,"AO",2013,"Zaire           ","Angola"
4277,0.781513330635287,0.552919668204374,0.318334678361755,844.895405,"AO",2013,"Bié             ","Angola"
4291,0.481354487602967,0.260641751977817,0.148699992011626,223.161821,"AO",2013,"Bengo           ","Angola"
4282,0.499060796744758,0.239776128439685,0.09816585492678,273.610636,"AO",2013,"Cuanza Norte    ","Angola"
4278,0.732892630164692,0.690940585123693,0.680577527064462,547.835105,"AO",2013,"Cunene          ","Angola"
4289,0.709783046727722,0.404895249436112,0.269594335074269,905.001238,"AO",2013,"Uíge            ","Angola"
3952,0.479756910814947,0.162799078151881,0.207856631629732,1071.424218,"BD",2013,"Barisal","Bangladesh"
3953,0.292608750689365,0.108584572881138,0.136633286853813,3097.699812,"BD",2013,"Chittagong","Bangladesh"
3954,0.305822142520536,0.146243881028795,0.165462178189547,6046.510314,"BD",2013,"Dhaka","Bangladesh"
3956,0.371368761200512,0.156108337869853,0.182070998021486,1785.63821,"BD",2013,"Khulna","Bangladesh"
3955,0.431406793996779,0.209007700484426,0.240585050514751,2144.844673,"BD",2013,"Rajshahi","Bangladesh"
3957,0.555283046640151,0.26111273630403,0.320497961164107,2023.366625,"BD",2013,"Rangpur","Bangladesh"
3958,0.494729103054959,0.232849544646878,0.286330165617151,1130.516791,"BD",2013,"Sylhet","Bangladesh"
237,0.859978871452098,0.626708403804843,0.211184122913282,639.872653,"BF",2013,"Boucle du Mouhoun","Burkina Faso"
238,0.555078557442508,0.29198770323373,0.057596543004316,202.642544,"BF",2013,"Cascades","Burkina Faso"
239,0.0669386507841365,0.025938289634669,0.00889451959310333,908.393974,"BF",2013,"Centre","Burkina Faso"
240,0.751168841307751,0.447042441766526,0.139507733267995,465.071688,"BF",2013,"Centre-Est","Burkina Faso"
249,0.774274129076634,0.548096582312291,0.250845957142171,380.72437,"BF",2013,"Sud-Ouest","Burkina Faso"
241,0.824389985210487,0.558986847863387,0.257760626662419,492.043931,"BF",2013,"Centre-Nord","Burkina Faso"
242,0.743998115382715,0.454041153127537,0.135760239749553,462.171289,"BF",2013,"Centre-Ouest","Burkina Faso"
243,0.88100757852823,0.666523702514043,0.222354795305085,239.938936,"BF",2013,"Centre-Sud","Burkina Faso"
244,0.940612832238904,0.830146584882666,0.554349322525107,494.224293,"BF",2013,"Est","Burkina Faso"
245,0.396300363862841,0.212861527828134,0.0489020691888943,901.472652,"BF",2013,"Hauts-Bassins","Burkina Faso"
246,0.748828324159144,0.454060131986326,0.122539929676782,544.390332,"BF",2013,"Nord","Burkina Faso"
247,0.831294496610715,0.525014875121903,0.181230804170394,264.649932,"BF",2013,"Plateau Central","Burkina Faso"
248,0.920274730805505,0.870227139307999,0.659638400639479,452.403289,"BF",2013,"Sahel","Burkina Faso"
3560,0.947650261124631,0.868124043472213,0.405268718499079,856.83606,"BJ",2013,"Alibori","Benin"
3561,0.914100020663249,0.820951170633809,0.499425445674254,1250.597146,"BJ",2013,"Atacora","Benin"
3562,0.6017186395154,0.448214085380312,0.160183139315039,2311.996416,"BJ",2013,"Atlantique","Benin"
3568,0.80721506790833,0.632357831584863,0.238928795135251,1139.478395,"BJ",2013,"Mono","Benin"
3563,0.719700845287413,0.595734603387643,0.242428362756426,1277.691923,"BJ",2013,"Borgou","Benin"
3564,0.862105149587691,0.659776825358394,0.173921709018435,1279.560966,"BJ",2013,"Collines","Benin"
3565,0.917786939141677,0.775304434022047,0.269965719984418,1190.117312,"BJ",2013,"Couffo","Benin"
3566,0.840502323694254,0.622839599423681,0.160511265312567,622.898429,"BJ",2013,"Donga","Benin"
3567,0.0759307517393393,0.00894749264564236,0.0013415038321132,2496.755447,"BJ",2013,"Littoral","Benin"
3569,0.560631963464619,0.378594712049242,0.136414083557856,2168.988995,"BJ",2013,"Oueme","Benin"
3570,0.830778571776134,0.579357954717252,0.216713400459992,1100.398584,"BJ",2013,"Plateau","Benin"
3571,0.789837635114476,0.603297266188991,0.219042910271363,1726.680551,"BJ",2013,"Zou","Benin"
175,0.143825596048648,0.113006122558307,0.28312409073844,1223.769154,"BO",2013,"Chuquisaca","Bolivia"
176,0.0675820345402491,0.0425274113490469,0.195224612425161,6045.505448,"BO",2013,"La Paz","Bolivia"
177,0.114135127012672,0.0903924858493234,0.193475794429436,3584.85332,"BO",2013,"Cochabamba","Bolivia"
181,0.0348894739011813,0.0224921469933437,0.0867251153604925,3915.030745,"BO",2013,"Santa Cruz","Bolivia"
178,0.116023226875628,0.0877992988009325,0.232408393305821,1184.556909,"BO",2013,"Oruro","Bolivia"
179,0.222558183254704,0.17494475913867,0.395716388978217,2037.562364,"BO",2013,"Potosi","Bolivia"
180,0.0497469265837564,0.0328623749190612,0.152185834826023,901.49927,"BO",2013,"Tarija","Bolivia"
182,0.0911398879361156,0.0689436251670127,0.194436898798517,562.152743,"BO",2013,"Beni","Bolivia"
183,0.0875959725117492,0.0453876739874314,0.218644341807759,109.070163,"BO",2013,"Pando","Bolivia"
5163,0.896219721330651,0.816245622904546,0.283449177487152,469.551389,"BU",2013,"Cankuzo ","Burundi"
5166,0.968527152425372,0.913469423041418,0.2591593459236,830.824473,"BU",2013,"Karusi ","Burundi"
5176,0.889747945730794,0.83449018073299,0.313484284718277,794.274307,"BU",2013,"Ruyigi ","Burundi"
5161,0.145749574513238,0.0445090805870644,0.00510746674590804,987.938493,"BU",2013,"Bujumbura Mairie ","Burundi"
5175,0.859767757786302,0.691456851597939,0.153804621861006,657.130233,"BU",2013,"Rutana ","Burundi"
5165,0.880257211447661,0.785021011063314,0.173593853518281,1329.79229,"BU",2013,"Gitega ","Burundi"
5173,0.894952522188718,0.848235978346679,0.356290482689063,1422.408135,"BU",2013,"Ngozi ","Burundi"
5164,0.87157943735742,0.699089955467126,0.126340013107897,944.223133,"BU",2013,"Cibitoke ","Burundi"
5170,0.917050179898883,0.787793228783845,0.107876647586442,591.094555,"BU",2013,"Muramvya ","Burundi"
5172,0.852520417830419,0.7374846051674,0.142348557472048,533.691253,"BU",2013,"Mwaro ","Burundi"
5168,0.929889179512566,0.879568401627672,0.368863289145525,1238.343317,"BU",2013,"Kirundo ","Burundi"
5167,0.918638612691956,0.818923544409181,0.232704243730698,1158.00727,"BU",2013,"Kayanza ","Burundi"
5159,0.872684493380364,0.75148234794663,0.180057870501814,757.522721,"BU",2013,"Bubanza ","Burundi"
5171,0.930025627936442,0.869748946168717,0.334021706142307,1218.099634,"BU",2013,"Muyinga ","Burundi"
5160,0.772637348431819,0.602431308217926,0.087769541048888,931.976367,"BU",2013,"Bujumbura Rural","Burundi"
5169,0.853497233397315,0.615331268406034,0.0579309628021205,818.996711,"BU",2013,"Makamba ","Burundi"
5162,0.767718239993648,0.573751179534919,0.0858968733795997,526.050556,"BU",2013,"Bururi ","Burundi"
5174,0.767789525320388,0.588799311980034,0.0656561624591451,767.075414,"BU",2013,"Rumonge ","Burundi"
3507,0.985097172539926,0.935095170561291,0.388147294540162,1967.453564,"CD",2013,"Equateur","Congo Democratic Republic"
3511,0.083700298973116,0.0110486952819217,0,1520.021285,"CD",2013,"Kinshasa","Congo Democratic Republic"
3505,0.987893782425731,0.928401675890958,0.222693028663314,2723.089338,"CD",2013,"Bandundu","Congo Democratic Republic"
3515,0.941029834725401,0.841423118253536,0.0794947325502559,1346.944792,"CD",2013,"Sud-Kivu","Congo Democratic Republic"
3514,0.938705470065084,0.859965106418482,0.266193808973611,1650.91107,"CD",2013,"Orientale","Congo Democratic Republic"
3508,0.968049212134432,0.855057741379308,0.294288341577116,1105.232777,"CD",2013,"Kasai-Occidental","Congo Democratic Republic"
3506,0.930798360070054,0.859161119152148,0.19336221591158,2510.058926,"CD",2013,"Bas-Congo","Congo Democratic Republic"
3513,0.857008349326073,0.698929272004395,0.139329307300476,1317.404052,"CD",2013,"Nord-Kivu","Congo Democratic Republic"
3510,0.731999046567389,0.628728332873716,0.159649901118049,1740.771169,"CD",2013,"Katanga","Congo Democratic Republic"
3509,0.900287228024621,0.706381322664122,0.198118327008988,1674.438978,"CD",2013,"Kasai-Oriental","Congo Democratic Republic"
3512,0.980609701715386,0.907113254140718,0.182764250125999,614.674144,"CD",2013,"Maniema","Congo Democratic Republic"
2861,0.456774590861282,0.24869676951118,0.143050961994572,1661.789314,"CI",2013,"South","Cote d'Ivoire"
2860,0.730161757326665,0.545354611394624,0.388284998288092,1071.345537,"CI",2013,"West","Cote d'Ivoire"
2858,0.76516512909071,0.465504834272002,0.247575703814639,438.815503,"CI",2013,"Northeast","Cote d'Ivoire"
2855,0.365071202041078,0.23809978778605,0.128845390323378,640.807543,"CI",2013,"North Central","Cote d'Ivoire"
2853,0.638456608114402,0.483898844563436,0.278095411742521,660.967658,"CI",2013,"Central","Cote d'Ivoire"
2863,0.0056061816771353,0,0,1794.68836,"CI",2013,"Abidjan","Cote d'Ivoire"
2862,0.681963269510662,0.428902667019694,0.254987618696083,895.244158,"CI",2013,"Southwest","Cote d'Ivoire"
2856,0.5844604758233,0.362388171271998,0.221019541251069,1421.126667,"CI",2013,"West Central","Cote d'Ivoire"
2854,0.441917337899615,0.274965278652332,0.162080585037904,274.187226,"CI",2013,"East Central","Cote d'Ivoire"
2857,0.707605239753781,0.572134037030382,0.399638556646199,511.469911,"CI",2013,"North","Cote d'Ivoire"
2859,0.734152213955007,0.509291439987321,0.363823270013263,315.558084,"CI",2013,"Northwest","Cote d'Ivoire"
341,0.802778583427099,0.683553346451894,0.595217056840855,2378.13698,"CM",2013,"Far North","Cameroon"
339,0,0,0,1482.614078,"CM",2013,"Douala","Cameroon"
344,0.433927202717384,0.22914934087583,0.122880710705761,1258.446644,"CM",2013,"Northwest","Cameroon"
347,0.351837440221339,0.172268991695673,0.0607726225472807,1546.527401,"CM",2013,"West","Cameroon"
346,0.211319689940382,0.0697249486175457,0.0263827837830635,1223.383562,"CM",2013,"Southwest","Cameroon"
343,0.693990222726716,0.597024687850709,0.556599287455862,1368.240573,"CM",2013,"North","Cameroon"
345,0.346003724202028,0.116833057427873,0.0296270100512538,430.332186,"CM",2013,"South","Cameroon"
342,0.146683764599677,0.0639557709050749,0.0341205224431742,642.21798,"CM",2013,"Littoral","Cameroon"
338,0.27557792142677,0.112439948731796,0.033665547950648,1235.362961,"CM",2013,"Centre","Cameroon"
340,0.500098898796521,0.360792978934783,0.269056016567119,642.035113,"CM",2013,"East","Cameroon"
348,0.000916152349956116,0,0,1354.082648,"CM",2013,"Yaounde","Cameroon"
337,0.418943592474294,0.276053188746767,0.207852850673235,652.620152,"CM",2013,"Adamawa","Cameroon"
4151,0.276552207765216,0.216378833605455,0.450699648160909,478.123961,"CO",2013,"La Guajira","Colombia"
4167,0.0985778521723839,0.0647618594220089,0.174479584715423,1701.350347,"CO",2013,"Guainia","Colombia"
4146,0.129466125411514,0.076566389401382,0.261998927338014,976.667407,"CO",2013,"Cesar","Colombia"
4152,0.174595861581241,0.106728743868721,0.364186687859178,1042.000786,"CO",2013,"Magdalena","Colombia"
4139,0.0238306477186755,0.00641671405653349,0.11340850725509,2173.732985,"CO",2013,"Atlantico","Colombia"
4165,0.0410235262821617,0.00968781215096519,0.288737700821229,77.337379,"CO",2013,"San Andres","Colombia"
4141,0.177440181113492,0.123250325730427,0.351187058332546,1862.362859,"CO",2013,"Bolivar","Colombia"
4159,0.227666276474958,0.154577837652293,0.381825491017155,763.006132,"CO",2013,"Sucre","Colombia"
4147,0.431073019364398,0.297077248645928,0.600566246952076,1258.20898,"CO",2013,"Cordoba","Colombia"
4155,0.121560240544048,0.0734996721368981,0.247318902340391,1334.274877,"CO",2013,"Norte de Santander","Colombia"
4158,0.123176737576329,0.0668172005457685,0.259842021369379,2631.11535,"CO",2013,"Santander","Colombia"
4142,0.150958382015272,0.0713532223241681,0.350939117699122,1707.7689,"CO",2013,"Boyaca","Colombia"
4148,0.0795988061066666,0.0410164508243324,0.204371099065496,2915.337495,"CO",2013,"Cundinamarca","Colombia"
4153,0.0707117113883827,0.0466998545435095,0.193874826436223,837.124556,"CO",2013,"Meta","Colombia"
4138,0.0626941418641323,0.0347204046171066,0.150872267679821,7065.765123,"CO",2013,"Antioquia","Colombia"
4143,0.0375286135962373,0.0114104958891164,0.16308328320101,1129.623824,"CO",2013,"Caldas","Colombia"
4157,0.0337358129142881,0.00933240221951868,0.144655143038411,1061.837967,"CO",2013,"Risaralda","Colombia"
4156,0.0236013546185477,0.00600841575510941,0.0729649923508884,730.219442,"CO",2013,"Quindio","Colombia"
4160,0.129728319501325,0.0719831380492551,0.264433359190975,1596.977266,"CO",2013,"Tolima","Colombia"
4150,0.109144433089224,0.0531891608242945,0.279194122356848,1091.124152,"CO",2013,"Huila","Colombia"
4144,0.140793379281867,0.0877815347677332,0.306709773502457,328.038614,"CO",2013,"Caqueta","Colombia"
4161,0.025853130397044,0.0121436638885465,0.080712677849762,5117.423421,"CO",2013,"Valle","Colombia"
4145,0.242539797439595,0.137253699220058,0.482031075459762,1414.824184,"CO",2013,"Cauca","Colombia"
4154,0.237365621582748,0.161770724491173,0.434769756159909,1667.331273,"CO",2013,"Narino","Colombia"
4149,0.433732982078633,0.322869626206154,0.684523768580247,449.370025,"CO",2013,"Choco","Colombia"
4162,0.0397700114920773,0.0163780136482751,0.13252024350352,186.713851,"CO",2013,"Arauca","Colombia"
4163,0.0659695370259232,0.0230604412722686,0.163746684103469,370.649759,"CO",2013,"Casanare","Colombia"
4170,0.313180511514736,0.136133512292414,0.709032474827707,57.514824,"CO",2013,"Vichada","Colombia"
4166,0.535803743956973,0.466653229268758,0.653190746397931,85.48282,"CO",2013,"Amazonas","Colombia"
4164,0.24142093739431,0.137744354818556,0.434787004135212,366.466786,"CO",2013,"Putumayo","Colombia"
4168,0.0788666337877545,0.0503281556373634,0.254458387096787,51.408838,"CO",2013,"Guaviare","Colombia"
4169,0.307970455583633,0.2223216032011,0.519939492037212,15.38971,"CO",2013,"Vaupes","Colombia"
4140,0.00116890707188778,0.000292226767971946,0.00292226767971946,8902.425394,"CO",2013,"Bogota","Colombia"
3551,0.0226744212273129,0.00324244694771983,0.128830340491023,4248.745846,"DR",2013,"Region 0","Dominican Republic"
3557,0.134477895522318,0.0647838098275947,0.386843667849091,569.735403,"DR",2013,"Region VI","Dominican Republic"
3555,0.174724254104712,0.103267438701163,0.430563648413501,387.824812,"DR",2013,"Region IV","Dominican Republic"
3558,0.176019374763756,0.1024374290145,0.346848923065983,598.265669,"DR",2013,"Region VII","Dominican Republic"
3554,0.0400207296237983,0.0109541411887573,0.200307017941164,760.388136,"DR",2013,"Region III","Dominican Republic"
3556,0.107892323590425,0.050951704620906,0.257825753191318,1276.031106,"DR",2013,"Region V","Dominican Republic"
3553,0.0362200528962679,0.0119707752153412,0.161081029023118,1819.302644,"DR",2013,"Region II","Dominican Republic"
3559,0.0308732621352654,0.00372480114400278,0.178746538283887,854.755966,"DR",2013,"Region VIII","Dominican Republic"
3552,0.0641606534766702,0.0216894882892717,0.234106926507401,948.950419,"DR",2013,"Region I","Dominican Republic"
3951,0.00236274756468348,0.001340450334737,0.00421997840191669,4516.869326,"EG",2013,"Urban Governorates","Egypt"
3947,0.0626695530964032,0.0169293659092839,0.156302570537263,495.187064,"EG",2013,"Frontier Governorates","Egypt"
3948,0.0944030155135422,0.0221642851196004,0.188002325923935,13147.974249,"EG",2013,"Lower Egypt","Egypt"
3950,0.119471048381749,0.0297918302144835,0.306089613896553,10014.969871,"EG",2013,"Upper Egypt","Egypt"
4418,0.504230989113692,0.280112753373334,0.181594783935575,5894.915073,"ET",2013,"Oromiya","Ethiopia"
4422,0.743306518971431,0.526371507759193,0.44432690386644,363.067997,"ET",2013,"Gambela","Ethiopia"
4417,0.490053496142765,0.263937761431646,0.159774236837582,4239.366023,"ET",2013,"Amhara","Ethiopia"
4416,0.692460783735275,0.668889167360816,0.653426241550551,140.249525,"ET",2013,"Affar","Ethiopia"
4425,0.271077676932832,0.206625454090331,0.158681473905824,92.250643,"ET",2013,"Dire Dawa","Ethiopia"
4420,0.596441150574372,0.424590887664185,0.301811182939117,181.52777,"ET",2013,"Ben-Gumz","Ethiopia"
4419,0.767221521650197,0.689844487240832,0.642568809347155,367.757413,"ET",2013,"Somali","Ethiopia"
4424,0,0,0,751.088213,"ET",2013,"Addis Abeba","Ethiopia"
4421,0.545023555175437,0.29988508788146,0.198642084620912,3388.038659,"ET",2013,"SNNP","Ethiopia"
4423,0.243882831884157,0.134609845157359,0.073401835188898,46.147947,"ET",2013,"Harari","Ethiopia"
4415,0.563865911485492,0.382369196365502,0.291184773032309,1185.590642,"ET",2013,"Tigray","Ethiopia"
2885,0.715551937011683,0.477978730089009,0.559628193477829,301.352648,"GA",2013,"Ogooue Lolo","Gabon"
2882,0.724731041587796,0.512519982048703,0.594581099364693,531.923686,"GA",2013,"Ngounie","Gabon"
2880,0.108524923116614,0.0123936668506919,0.0197487062566943,5579.483363,"GA",2013,"Liberville/Port Gentil","Gabon"
2881,0.645598998625642,0.429461416727703,0.489428737154162,339.626831,"GA",2013,"Moyen Ogooue","Gabon"
2884,0.799281626367383,0.635096170102881,0.695672074144316,247.855979,"GA",2013,"Ogooue Ivindo","Gabon"
2886,0.591359913169646,0.44252858980398,0.477212260048429,163.828423,"GA",2013,"Ogooue Maritime","Gabon"
2878,0.398077291463228,0.223493523248038,0.258762797057461,971.132527,"GA",2013,"Estuaire","Gabon"
2887,0.619810128787326,0.432571245686512,0.483713998126949,587.288923,"GA",2013,"Woleu Ntem","Gabon"
2883,0.709309343792813,0.499437691714371,0.576509151766718,245.649946,"GA",2013,"Nyanga","Gabon"
2879,0.503421412199106,0.27839413966399,0.332576442833215,786.857544,"GA",2013,"Haut Ogooue","Gabon"
3807,0.250519100538441,0.093200497051757,0.2222419017621,778.106494,"GH",2013,"Western","Ghana"
3812,0.253913091823608,0.0877416024896064,0.232793488849189,645.788513,"GH",2013,"Central","Ghana"
3813,0.0210436619410451,0.00444302531916699,0.0160023122020559,1177.326174,"GH",2013,"Greater Accra","Ghana"
3811,0.180176078503644,0.0675536984005187,0.165804162176284,362.79386,"GH",2013,"Volta","Ghana"
3815,0.262668408079841,0.117819462473436,0.236031145716658,574.222523,"GH",2013,"Eastern","Ghana"
3814,0.100059833260941,0.0442759980052339,0.0934392489933963,1092.521099,"GH",2013,"Ashanti","Ghana"
3810,0.278669728848317,0.133898666615555,0.252598952360182,466.008061,"GH",2013,"Brong Ahafo","Ghana"
3809,0.508364699170777,0.397232745719586,0.487260421697665,437.810724,"GH",2013,"Northern","Ghana"
3806,0.675327336254154,0.603936645806673,0.668790271884702,180.007406,"GH",2013,"Upper East","Ghana"
3808,0.620630285863183,0.493672832547905,0.60824027081592,126.41502,"GH",2013,"Upper West","Ghana"
3277,0.000579988780044887,0,0,1250.43281,"GN",2013,"Conakry","Guinea"
3276,0.571561785989884,0.407808981323794,0.269546113467178,840.886196,"GN",2013,"Boke","Guinea"
3281,0.70456038655961,0.489569413428734,0.347791682781897,726.48666,"GN",2013,"Labe","Guinea"
3278,0.762518879879707,0.549852783404216,0.363415369948839,564.338209,"GN",2013,"Faranah","Guinea"
3283,0.69791815677972,0.320789016103266,0.087502453828928,1144.145571,"GN",2013,"Nzerekore","Guinea"
3280,0.54920408382425,0.307501029743583,0.157086193984536,1037.971994,"GN",2013,"Kindia","Guinea"
3282,0.680640170606388,0.382755769213652,0.234308824244616,590.94622,"GN",2013,"Mamou","Guinea"
3279,0.716349584347201,0.534053713350957,0.351370467672047,953.792327,"GN",2013,"Kankan","Guinea"
981,0.617919829821723,0.542844798786568,0.71687123578744,191.881599,"GY",2013,"Region 1","Guyana"
986,0.0817210368637477,0.0309403730147134,0.173314408860077,1082.612255,"GY",2013,"Region 6","Guyana"
982,0.213820221923964,0.129424697478755,0.349403849200704,319.736718,"GY",2013,"Region 2","Guyana"
983,0.0678203093723861,0.0294487190907368,0.164026705894282,695.495751,"GY",2013,"Region 3","Guyana"
984,0.0466177919136056,0.0184024331937795,0.114065768338145,2358.785251,"GY",2013,"Region 4","Guyana"
985,0.103189914532343,0.0236335404489982,0.202090211937034,417.049575,"GY",2013,"Region 5","Guyana"
987,0.378107848062215,0.310237011568418,0.460716874175597,116.17492,"GY",2013,"Region 7","Guyana"
988,0.618643068368966,0.539377090387806,0.758050536622631,80.189965,"GY",2013,"Region 8","Guyana"
989,0.743408500442556,0.714509011055644,0.808779719781526,87.947021,"GY",2013,"Region 9","Guyana"
990,0.0507478494731535,0.0295823836148645,0.12926197156388,282.127029,"GY",2013,"Region 10","Guyana"
2833,0.156061163968109,0.0829071166118898,0.0949774996885474,1091.915552,"HN",2013,"Atlantida","Honduras"
2834,0.161534443275829,0.0872902520127024,0.107824437959422,754.543474,"HN",2013,"Colon","Honduras"
2835,0.260453877263259,0.145272707188135,0.17491993376782,1328.426755,"HN",2013,"Comayagua","Honduras"
2849,0.396492743855222,0.285445610307465,0.321329819852559,554.314119,"HN",2013,"Gracias a Dios","Honduras"
2836,0.406151926546422,0.279153160423658,0.32008743571583,886.9602,"HN",2013,"Copan","Honduras"
2848,0.0302444096923997,0.0156254041605753,0.0204086752244884,4080.602738,"HN",2013,"Resto Cortes","Honduras"
2838,0.440288985600319,0.32230872003482,0.355549852772447,1048.544563,"HN",2013,"Choluteca","Honduras"
2837,0.500031345909149,0.34334198881804,0.4078953538526,1049.052361,"HN",2013,"El Paraiso","Honduras"
2847,0.128052659542274,0.0830501523325841,0.0981269178373614,3985.362708,"HN",2013,"Resto Francisco Morazan","Honduras"
2839,0.602179958554935,0.483527481824613,0.523164118791759,491.162457,"HN",2013,"Intibuca","Honduras"
2850,0.0133415578468274,0.00595568176635068,0.00978212445701724,164.586027,"HN",2013,"Islas de la Bahia","Honduras"
2840,0.53348073699973,0.385129133546591,0.440397889630073,486.689839,"HN",2013,"La Paz","Honduras"
2841,0.728867238531447,0.563844612943648,0.631584993329864,735.062229,"HN",2013,"Lempira","Honduras"
2842,0.341490903226038,0.212517640653528,0.256760787037896,412.173647,"HN",2013,"Ocotepeque","Honduras"
2843,0.401554294697818,0.283948472890186,0.325221306165907,1187.218616,"HN",2013,"Olancho","Honduras"
2844,0.260616392149583,0.163909748332346,0.199327906999746,1176.335715,"HN",2013,"Santa Barbara","Honduras"
2845,0.334730108212135,0.254228034925958,0.286198898068839,474.5124,"HN",2013,"Valle","Honduras"
2846,0.272237935899265,0.187670251443695,0.218862507726525,1454.536491,"HN",2013,"Yoro","Honduras"
2874,0.00885252643824845,2.95883691389795e-05,2.95883691389795e-05,3170.198383,"HT",2013,"Metropolitan Area","Haiti"
2868,0.649871585872009,0.478010805612176,0.433798233054975,818.318838,"HT",2013,"Central","Haiti"
2869,0.463254947447486,0.30540305205707,0.257876369350239,959.096941,"HT",2013,"South","Haiti"
2867,0.472750158704287,0.281550348583007,0.234269168528648,2170.636073,"HT",2013,"Artibonite","Haiti"
2872,0.574888520564088,0.383960733708119,0.339482435664857,404.066675,"HT",2013,"Nippes","Haiti"
2870,0.70037055603913,0.570549895875839,0.520418069465534,494.754047,"HT",2013,"Grande-Anse","Haiti"
2864,0.548820439364221,0.341850197790667,0.289338927739865,839.279491,"HT",2013,"Southeast","Haiti"
2873,0.367584089762207,0.227844959163867,0.183881462669368,2140.452182,"HT",2013,"West","Haiti"
2871,0.524090075066679,0.347051635797,0.30821461747021,599.785823,"HT",2013,"Northwest","Haiti"
2865,0.318899632200168,0.200873700975696,0.176160887701384,1134.869741,"HT",2013,"North","Haiti"
2866,0.429140011543358,0.281308037798244,0.242788341378673,449.541627,"HT",2013,"Northeast","Haiti"
3196,0.00399090112040795,0.00035157497171671,0.128123162001961,6033.990388,"JO",2013,"Amman","Jordan"
3198,0.0103984079959855,0.00487431729710549,0.248359216948636,1040.044111,"JO",2013,"Balqa","Jordan"
3206,0.00958234837754582,0,0.206588670480123,2185.594718,"JO",2013,"Zarqa","Jordan"
3203,0.00742617176791286,0.000770049383144456,0.247812427295012,407.885529,"JO",2013,"Madaba","Jordan"
3199,0.0106098617922224,0.00243050291406398,0.206259554072522,2691.417057,"JO",2013,"Irbid","Jordan"
3204,0.0308284019081972,0.0102084516685786,0.388121224536707,693.288094,"JO",2013,"Mafraq","Jordan"
3200,0.0429889326489273,0.00529456970549292,0.32006232708819,415.987346,"JO",2013,"Jarash","Jordan"
3195,0.0192166529947062,0.00557155379389319,0.329011236137915,326.033467,"JO",2013,"Ajloun","Jordan"
3201,0.0192995440273924,0.00211603436452629,0.302531925481497,617.721537,"JO",2013,"Karak","Jordan"
3205,0.00813677191565143,0.000866959251823223,0.319039866065675,214.297269,"JO",2013,"Tafiela","Jordan"
3202,0.025953247449216,0.00818993248121602,0.34328804449264,238.553615,"JO",2013,"Ma'an","Jordan"
3197,0.0199804247451023,0.00528430586699722,0.152868969600917,325.187081,"JO",2013,"Aqaba","Jordan"
3703,0.0364719885891603,0.0182393034479363,0.00747499195340658,805.493041,"KE",2013,"Nairobi","Kenya"
3700,0.33361959067392,0.168533516023861,0.0852397318442037,972.129947,"KE",2013,"Central","Kenya"
3701,0.570608456532596,0.466660407732948,0.35178377315498,485.737689,"KE",2013,"Coast","Kenya"
3702,0.611524333617915,0.465012238730937,0.291394609646548,980.451328,"KE",2013,"Eastern","Kenya"
3704,0.769591159732057,0.70188008714685,0.635360624430806,131.890482,"KE",2013,"North Eastern","Kenya"
3705,0.638144724937858,0.389947155352849,0.179100272643207,795.84598,"KE",2013,"Nyanza","Kenya"
3706,0.549355396845326,0.393366151059305,0.250150486801931,1602.409626,"KE",2013,"Rift Valley","Kenya"
3707,0.637582344044333,0.412571295017003,0.172140514308293,707.041875,"KE",2013,"Western","Kenya"
3887,,,0.0536164584663404,669.628954,"KH",2013,"Banteay Meanchey","Cambodia"
3889,,,0.248773949126375,1997.038869,"KH",2013,"Kampong Cham","Cambodia"
3890,,,0.355721539562221,608.44751,"KH",2013,"Kampong Chhnang","Cambodia"
3891,,,0.190699389859927,973.309779,"KH",2013,"Kampong Speu","Cambodia"
3892,,,0.346005713668245,800.520402,"KH",2013,"Kampong Thom","Cambodia"
3894,,,0.061507681739955,1257.874981,"KH",2013,"Kandal","Cambodia"
3898,,,0.00339988041870639,1298.73156,"KH",2013,"Phnom Penh","Cambodia"
3895,,,0.393795697228101,451.134721,"KH",2013,"Kratie","Cambodia"
3901,,,0.238838294303089,1251.699259,"KH",2013,"Prey Veng","Cambodia"
3902,,,0.324449230210282,610.619094,"KH",2013,"Pursat","Cambodia"
3903,,,0.302168402766558,1000.025887,"KH",2013,"Siem Reap","Cambodia"
3904,,,0.249214218885126,649.997487,"KH",2013,"Svay Rieng","Cambodia"
3905,,,0.0869335029096768,1010.826529,"KH",2013,"Takeo","Cambodia"
3897,,,0.237591802392478,271.313599,"KH",2013,"Otdar Meanchey","Cambodia"
3888,,,0.0989378379599477,1221.628858,"KH",2013,"Battambang/Pailin","Cambodia"
3893,,,0.242678113309736,762.293243,"KH",2013,"Kampot/Kep","Cambodia"
3899,,,0.0837693466180581,320.297389,"KH",2013,"Preah Sihanouk/Koh Kong","Cambodia"
3900,,,0.457973525770252,360.620199,"KH",2013,"Preah Vihear/Stung Treng","Cambodia"
3896,,,0.264616312277777,308.991722,"KH",2013,"Mondul Kiri/Ratanak Kiri","Cambodia"
3467,0.622179061298738,0.48462630041,0.508830223582161,263.056363,"KM",2013,"Mwali","Comoros"
3466,0.11714407652772,0.0426483311033283,0.0583465214765149,2114.69623,"KM",2013,"Ngazidja","Comoros"
3468,0.407283345125253,0.275356090024182,0.303395323256015,2104.247449,"KM",2013,"Ndzuwani","Comoros"
2921,0.248815474257529,0.055969873124406,0.374363572533849,755.905269,"KY",2013,"Issyk-Kul","Kyrgyz Republic"
2918,0.14471392069827,0.0422433833818111,0.259445100990167,1220.595366,"KY",2013,"Djalal-Abad","Kyrgyz Republic"
2919,0.353602341826956,0.0975764305836505,0.511133998857895,353.489483,"KY",2013,"Naryn","Kyrgyz Republic"
2916,0.0591484966575059,0.026003267359588,0.104709708514981,558.13263,"KY",2013,"Batken","Kyrgyz Republic"
2923,0.208868665901079,0.0547137807086312,0.353238640018138,1320.071782,"KY",2013,"Osh Oblast","Kyrgyz Republic"
2920,0.205106364854467,0.0407991960970643,0.327120878501682,331.517635,"KY",2013,"Talas","Kyrgyz Republic"
2922,0.0582639323526222,0.0147911122746353,0.111366314736595,1649.456278,"KY",2013,"Chui","Kyrgyz Republic"
2915,0.00392412436348437,0.00392412436348437,0.00392412436348437,1477.950356,"KY",2013,"Bishkek City","Kyrgyz Republic"
2917,0.00802395445869977,0.00685513456082285,0.0113630310953518,372.881229,"KY",2013,"Osh City","Kyrgyz Republic"
3394,0.88760437674702,0.518970157323108,0.271412065502544,424.388705,"LB",2013,"North Western","Liberia"
3393,0.870873516337924,0.647435443709719,0.275681904449532,1118.671429,"LB",2013,"North Central","Liberia"
3395,0.339537842946513,0.189423468396248,0.0994842036175045,2152.701798,"LB",2013,"South Central","Liberia"
3396,0.919605213875328,0.680361561564092,0.443532850915523,291.428986,"LB",2013,"South Eastern A","Liberia"
3397,0.86836548769423,0.591929340853452,0.331056538630483,230.809128,"LB",2013,"South Eastern B","Liberia"
3907,0.648209062774491,0.5130438776062,0.109335478390865,899.036648,"LS",2013,"Mafeteng","Lesotho"
3915,0.81406989860359,0.712030493187759,0.250170185401335,493.934846,"LS",2013,"Quthing","Lesotho"
3911,0.461806275454969,0.314139644026774,0.0639763003809586,2399.631146,"LS",2013,"Maseru","Lesotho"
3912,0.598050467840747,0.469987879713153,0.120675952869177,1162.793437,"LS",2013,"Berea","Lesotho"
3909,0.910341949001942,0.856629767852939,0.539227579762381,492.107329,"LS",2013,"Mokhotlong","Lesotho"
3908,0.680906077145398,0.535024114470909,0.0959980868677289,1470.765008,"LS",2013,"Leribe","Lesotho"
3906,0.805155004384032,0.704604014045144,0.267307696099561,582.217468,"LS",2013,"Butha-Buthe","Lesotho"
3914,0.82870055307805,0.74908834854691,0.348645505993905,329.586213,"LS",2013,"Qacha's Nek","Lesotho"
3913,0.812434164863851,0.734647730008239,0.331150650208292,887.788663,"LS",2013,"Mohale's Hoek","Lesotho"
3910,0.928749473902732,0.893943905182579,0.575024874361346,684.139173,"LS",2013,"Thaba-Tseka","Lesotho"
1609,0.00482210121022658,0.00160761039808316,0.268725491215689,3567.201361,"MB",2013,"North","Moldova"
1610,0.00682676097085987,0.000298314509038404,0.263270489799604,2985.228586,"MB",2013,"Center","Moldova"
1612,0.000185310586407794,0,0.00366057240509191,2469.405601,"MB",2013,"Chisinau","Moldova"
1611,0.00566112747693808,0.00103384612947019,0.223741227172495,2073.164409,"MB",2013,"South","Moldova"
1476,0.597394337919854,0.427794544852493,0.0141166644202839,1311.360067,"MD",2013,"Analamanga","Madagascar"
1477,0.933082352894268,0.830572631705166,0.00603594674769244,246.790282,"MD",2013,"Vakinankaratra","Madagascar"
1478,0.923950253466218,0.844930136771304,0.0312682557780352,403.897809,"MD",2013,"Itasy","Madagascar"
1479,0.944439106282088,0.856299603963365,0.0534187875877756,340.535415,"MD",2013,"Bongolava","Madagascar"
1480,0.901631409383735,0.811724572886287,0.0598091802600875,547.043194,"MD",2013,"Haute Matsiatra","Madagascar"
1481,0.949391473086447,0.877478604349012,0.0553377514115809,320.389527,"MD",2013,"Amoron'i Mania","Madagascar"
1482,0.96109563273555,0.901404892574137,0.337143701810056,616.398304,"MD",2013,"Vatovavy Fitovinany","Madagascar"
1483,0.883691542385855,0.797862193983367,0.191446754208821,221.098358,"MD",2013,"Ihorombe","Madagascar"
1484,0.959238500468649,0.933922135513519,0.44404479217316,381.248928,"MD",2013,"Atsimo Atsinanana","Madagascar"
1485,0.756591967616549,0.681920690779931,0.249846029256661,640.483691,"MD",2013,"Atsinanana","Madagascar"
1486,0.942008249668487,0.875869486225414,0.13010445071391,722.855471,"MD",2013,"Analanjirofo","Madagascar"
1487,0.817123288141905,0.715456258828673,0.120671516379297,563.170001,"MD",2013,"Alaotra Mangoro","Madagascar"
1488,0.803318676861716,0.70533948753273,0.273602267394836,495.912217,"MD",2013,"Boeny","Madagascar"
1489,0.940361461733374,0.890011796796929,0.204790710441633,811.63557,"MD",2013,"Sofia","Madagascar"
1490,0.943384377724649,0.837040616746711,0.309229265519123,206.226118,"MD",2013,"Betsiboka","Madagascar"
1491,0.916540851952575,0.85336395272694,0.425203136567741,167.664544,"MD",2013,"Melaky","Madagascar"
1492,0.914484423321471,0.866734317637168,0.429223481614652,977.186277,"MD",2013,"Atsimo Andrefana","Madagascar"
1493,0.988701962886984,0.963023414579795,0.555954499208092,394.396828,"MD",2013,"Androy","Madagascar"
1494,0.931535612220228,0.88586548972899,0.277294702936292,442.212937,"MD",2013,"Anosy","Madagascar"
1495,0.858099338694647,0.748319807784918,0.190133227065102,411.213517,"MD",2013,"Menabe","Madagascar"
1496,0.666258783222556,0.542524635141885,0.118871698774349,425.416466,"MD",2013,"Diana","Madagascar"
1497,0.950399071875377,0.857163814730228,0.13443135627,636.864474,"MD",2013,"Sava","Madagascar"
3415,0.73436913580576,0.400136589495805,0.0962139782490552,567.509233,"ML",2013,"Kayes","Mali"
3417,0.655267243126361,0.466905383165385,0.135933265683967,810.508704,"ML",2013,"Koulikoro","Mali"
3421,0.853736353964117,0.678095923765345,0.268900795919114,757.101556,"ML",2013,"Sikasso","Mali"
3420,0.905381788257623,0.700755039930424,0.320608400903292,773.245992,"ML",2013,"Segou","Mali"
3418,0.896779584307136,0.736023476300249,0.349899459867971,560.695504,"ML",2013,"Mopti","Mali"
3419,1,0.849607677005112,0.232384238760263,150.772962,"ML",2013,"Mopti (Not Surveyed)","Mali"
3413,0.0106645075977485,0.00319474093401417,0,620.166092,"ML",2013,"Bamako","Mali"
4021,0.215266354168757,0.0859912662220762,0.188095509773576,1061.558249,"MM",2013,"Magway","Myanmar"
4029,0.0774305307949585,0.0216072677920285,0.066340597711354,1729.716749,"MM",2013,"Yangon","Myanmar"
4023,0.238317565983166,0.122646675888947,0.204686694102166,466.149348,"MM",2013,"Mon","Myanmar"
4018,0.159945401970068,0.0326823485320872,0.133314049237947,364.642461,"MM",2013,"Kachin","Myanmar"
4027,0.220982718017769,0.0857667021632078,0.188184647453774,1339.466659,"MM",2013,"Shan","Myanmar"
4022,0.10158832526305,0.0275889815610706,0.0781772432971405,1460.513318,"MM",2013,"Mandalay","Myanmar"
4024,0.269118659099497,0.0943230306212385,0.228768136184201,303.473911,"MM",2013,"NayPyitaw","Myanmar"
4015,0.474176363993288,0.228408785737015,0.419680810833941,1705.107309,"MM",2013,"Ayeyarwaddy","Myanmar"
4016,0.238248824706543,0.0902549558894084,0.198704853174772,1268.705268,"MM",2013,"Bago","Myanmar"
4025,0.560903259527343,0.309710025156091,0.511576446890355,694.987942,"MM",2013,"Rakhine","Myanmar"
4020,0.261850728373833,0.128852186727314,0.228431084669631,334.845431,"MM",2013,"Kayin","Myanmar"
4028,0.287728330301438,0.120443713922041,0.251911945064027,305.718512,"MM",2013,"Taninthayi","Myanmar"
4019,0.148035289832317,0.050024636644673,0.126757044640623,64.663838,"MM",2013,"Kayah","Myanmar"
4026,0.108771720881379,0.0211837237973425,0.0749010889004013,1295.021747,"MM",2013,"Sagaing","Myanmar"
4017,0.24580106628078,0.130983478534319,0.215257384036042,105.429266,"MM",2013,"Chin","Myanmar"
4264,0.703687158902809,0.497922011116737,0.0697341849684628,442.005252,"MW",2013,"Northern","Malawi"
4265,0.834994972008845,0.745148282875659,0.247713651990234,1582.35163,"MW",2013,"Central","Malawi"
4266,0.834315763619098,0.719849756678567,0.189084146419079,1704.643092,"MW",2013,"Southern","Malawi"
1684,0.856184875856003,0.743082500379977,0.18369251556201,752.881393,"MZ",2013,"Cabo Delgado","Mozambique"
1683,0.902707128757001,0.805296496269485,0.269722382389096,370.32557,"MZ",2013,"Niassa","Mozambique"
1688,0.779769028784339,0.651767801476171,0.118838732742248,547.774404,"MZ",2013,"Manica","Mozambique"
1686,0.910392172588649,0.848064481984777,0.379176464000658,930.860801,"MZ",2013,"Zambezia","Mozambique"
1691,0.607928619489308,0.308681217357051,0.0208350740788112,561.074271,"MZ",2013,"Gaza","Mozambique"
1687,0.918285151042651,0.836602601057712,0.264412211960808,584.693524,"MZ",2013,"Tete","Mozambique"
1693,0.0134222173806158,0,0,338.510238,"MZ",2013,"Maputo City","Mozambique"
1689,0.696670113087993,0.634910128691628,0.0831035440975589,598.219565,"MZ",2013,"Sofala","Mozambique"
1690,0.767050248477924,0.397902749368237,0.0659818289021513,482.720751,"MZ",2013,"Inhambane","Mozambique"
1685,0.881939228961956,0.808894960472386,0.328266719487106,1608.155252,"MZ",2013,"Nampula","Mozambique"
1692,0.262827920690782,0.111744248576327,0.000899449404069599,393.78424,"MZ",2013,"Maputo","Mozambique"
3425,0.882730960341017,0.80982304997069,0.492965939950589,1944.763679,"NG",2013,"North West","Nigeria"
3424,0.865787799469194,0.749454717531742,0.316205309284214,843.49035,"NG",2013,"North East","Nigeria"
3428,0.409978247232883,0.27844419099342,0.0470030996581639,1706.473011,"NG",2013,"South West","Nigeria"
3423,0.729610322085463,0.55926094973162,0.167095399182638,1220.117005,"NG",2013,"North Central","Nigeria"
3427,0.495210277367784,0.224222416421475,0.00454212749416816,1154.176541,"NG",2013,"South South","Nigeria"
3426,0.480073634836198,0.24867437037518,0.0384841581977604,875.979405,"NG",2013,"South East","Nigeria"
3573,0.079587487518504,0.00800926492645739,0.0120501750049084,929.953631,"NM",2013,"Erongo","Namibia"
3572,0.58366684484946,0.379290325943761,0.436008846546765,541.030543,"NM",2013,"Zambezi","Namibia"
3577,0.0667716709405319,0.0053372175719219,0.00763967644015933,2015.055758,"NM",2013,"Khomas","Namibia"
3581,0.47286970862741,0.256736370849913,0.300275763329828,949.380036,"NM",2013,"Omusati","Namibia"
3582,0.278366061594656,0.1209725770653,0.137150666946476,830.651214,"NM",2013,"Oshana","Namibia"
3580,0.294355772552087,0.103605274389433,0.131962822415498,334.621632,"NM",2013,"Omaheke","Namibia"
3574,0.12527060969035,0.0476498387160004,0.0572884290360105,381.303788,"NM",2013,"Hardap","Namibia"
3584,0.145471564989586,0.0561470481347208,0.0602800335180355,652.045374,"NM",2013,"Otjozondjupa","Namibia"
3575,0.113046264545046,0.0511511191197496,0.0606972781926583,405.614234,"NM",2013,"//Karas","Namibia"
3583,0.456072538350295,0.288170520116434,0.316466047297421,817.496838,"NM",2013,"Oshikoto","Namibia"
3576,0.662909266452628,0.500309831615883,0.53595750766938,737.402151,"NM",2013,"Kavango","Namibia"
3578,0.408630239386017,0.195701460929173,0.223499446496042,354.335316,"NM",2013,"Kunene","Namibia"
3579,0.662240502844883,0.453305918257888,0.493355866529356,900.109627,"NM",2013,"Ohangwena","Namibia"
4394,0.257969536677992,0.086338367652705,0.204112791645084,2004.244054,"NP",2013,"Province 1","Nepal"
4395,0.0837922260001742,0.00933713740036119,0.0456472895120286,2014.097704,"NP",2013,"Province 2","Nepal"
4396,0.211969852777448,0.0585363589402947,0.167534144834635,2521.433869,"NP",2013,"Province 3","Nepal"
4397,0.261541481949313,0.0786041213869295,0.210566412449142,1173.228062,"NP",2013,"Province 4","Nepal"
4398,0.219229188564418,0.0721166097057625,0.169154883207759,1792.917173,"NP",2013,"Province 5","Nepal"
4399,0.71128512861231,0.427102153472841,0.653830670162,618.61147,"NP",2013,"Province 6","Nepal"
4400,0.429092934177855,0.170920199654349,0.359564926198756,915.467764,"NP",2013,"Province 7","Nepal"
3167,0.134532222237912,0.0685410995116493,0.341484057322396,395.382423,"PE",2013,"Amazonas","Peru"
3168,0.0555376611135911,0.0209895333476874,0.260949552940891,1165.24077,"PE",2013,"Ancash","Peru"
3169,0.250861801845919,0.172620509774781,0.548971529926478,478.879515,"PE",2013,"Apurimac","Peru"
3170,0.0125941219780402,0.00270532794798097,0.0482784150762847,1278.108631,"PE",2013,"Arequipa","Peru"
3171,0.166848563559723,0.0748712931674955,0.454685533125001,782.863839,"PE",2013,"Ayacucho","Peru"
3172,0.141192588445044,0.0368625869087337,0.448179522975263,1445.684106,"PE",2013,"Cajamarca","Peru"
3173,0.210227104841939,0.137888761548842,0.409260968556951,1199.140968,"PE",2013,"Cusco","Peru"
3174,0.151191167137343,0.0783761660483773,0.503996701897729,580.702429,"PE",2013,"Huancavelica","Peru"
3175,0.160135329192543,0.0869052019972223,0.455530681059292,780.961432,"PE",2013,"Huanuco","Peru"
3176,0.0109419659123141,0.00753038545581519,0.0299293686283422,718.02938,"PE",2013,"Ica","Peru"
3177,0.0634789075240866,0.0473848687609274,0.181688597748849,1244.16949,"PE",2013,"Junin","Peru"
3178,0.0961039172395249,0.0682236937039433,0.188933423274086,1496.334667,"PE",2013,"La Libertad","Peru"
3179,0.0211917788651424,0.006653549174115,0.0974257379884261,916.814446,"PE",2013,"Lambayeque","Peru"
3180,0.00672538116538921,0.00407206399184777,0.026038340067209,8150.460569,"PE",2013,"Lima","Peru"
3181,0.297496301311407,0.233769697718981,0.42986984321216,739.906167,"PE",2013,"Loreto","Peru"
3182,0.0407125644860686,0.0151282245348846,0.163060659541928,120.973416,"PE",2013,"Madre de Dios","Peru"
3183,0.0219504844930428,0.00559247586011207,0.0957718486433347,213.53351,"PE",2013,"Moquegua","Peru"
3184,0.0601481646227896,0.0312799981166808,0.148163511289729,260.009031,"PE",2013,"Pasco","Peru"
3185,0.0800859856464532,0.0450878294876624,0.203969334311937,1427.750387,"PE",2013,"Piura","Peru"
3186,0.103186052242896,0.0447013953622536,0.328070232577992,1782.068487,"PE",2013,"Puno","Peru"
3187,0.124190414316803,0.063075487175105,0.313055362020822,757.149475,"PE",2013,"San Martin","Peru"
3188,0.0035645364023228,0.00141179671335858,0.0224889937361354,360.768654,"PE",2013,"Tacna","Peru"
3189,0.0141149649959787,0.0084066252547369,0.0431482621943942,195.507109,"PE",2013,"Tumbes","Peru"
3190,0.180412440795521,0.140768777644291,0.282095272495152,343.561213,"PE",2013,"Ucayali","Peru"
3355,0.0236284788112517,0.00158803437078626,0.0124797316153449,1920.840667,"PH",2013,"National Capital Region","Philippines"
3358,0.069846501469905,0.019370575725359,0.0528389984413777,1632.290875,"PH",2013,"CALABARZON","Philippines"
3345,0.0814529055265713,0.020296700799645,0.0551982082903651,1274.24665,"PH",2013,"Central Luzon","Philippines"
3359,0.408364363898369,0.22773352683494,0.358131414356067,422.14292,"PH",2013,"MIMAROPA","Philippines"
3356,0.191211114873519,0.0452582735030433,0.151327052625509,236.736693,"PH",2013,"Cordillera Admin Region","Philippines"
3343,0.150003824077048,0.0262848624282451,0.10170224768611,664.60481,"PH",2013,"Ilocos Region","Philippines"
3344,0.212138576776391,0.0880915537876575,0.175833726564396,409.326768,"PH",2013,"Cagayan Valley","Philippines"
3346,0.374211911885222,0.197699092780611,0.324497255677719,706.553131,"PH",2013,"Bicol","Philippines"
3347,0.346277338977022,0.149859741561466,0.278848114028729,1026.361419,"PH",2013,"Western Visayas","Philippines"
3348,0.291193193149498,0.135507505724819,0.2393385090975,873.73507,"PH",2013,"Central Visayas","Philippines"
3349,0.436887042267399,0.198576757869079,0.38254101965954,519.979267,"PH",2013,"Eastern Visayas","Philippines"
3350,0.438561907447627,0.273016371165055,0.382598113518868,454.902933,"PH",2013,"Zamboanga Peninsula","Philippines"
3357,0.607996278022012,0.363720867797639,0.549249059711436,434.268017,"PH",2013,"ARMM","Philippines"
3351,0.350952731312571,0.158132382735368,0.298091525088028,561.699498,"PH",2013,"Northern Mindanao","Philippines"
3352,0.463812411471214,0.187600030883593,0.382250760587721,552.681812,"PH",2013,"Davao","Philippines"
3353,0.441490361820826,0.186858225571824,0.366390475447611,492.994674,"PH",2013,"SOCCSKSARGEN","Philippines"
3354,0.380928642693362,0.158329954311612,0.316439074295323,285.63494,"PH",2013,"Caraga","Philippines"
3293,0.203013639494425,0.0570895606663389,0.170708448885274,5378.559257,"PK",2013,"Punjab","Pakistan"
3295,0.383139491367836,0.106412541037705,0.332985970698983,490.077659,"PK",2013,"Balochistan","Pakistan"
3296,0.01748478069683,0,0.01748478069683,126.945201,"PK",2013,"Islamabad","Pakistan"
3294,0.321673879772141,0.129303779899615,0.286441363122534,2103.062967,"PK",2013,"Sindh","Pakistan"
3289,0.218414240984606,0.0145323313114625,0.14253718758512,1156.354933,"PK",2013,"Khyber Pakhtunkhwa","Pakistan"
3990,0.807488176344507,0.661916000831069,0.263551301816178,3102.879437,"RW",2013,"South","Rwanda"
3993,0.779819164868861,0.614717754847173,0.170210129687702,3221.371513,"RW",2013,"East","Rwanda"
3991,0.819262704012785,0.699223311479123,0.251220203561476,2788.673634,"RW",2013,"West","Rwanda"
3989,0.22228805176606,0.162828224739885,0.0487809586535034,1496.312291,"RW",2013,"City of Kigali","Rwanda"
3992,0.804018268840898,0.647508627812047,0.191455871556283,2089.763013,"RW",2013,"North","Rwanda"
3305,0.602475769523189,0.299751700642023,0.152333562108154,1662.9161,"SL",2013,"Eastern","Sierra Leone"
3306,0.692345293146466,0.433612632650694,0.271583632871171,2229.639296,"SL",2013,"Northern","Sierra Leone"
3307,0.646969518543065,0.445634498403108,0.319877921032756,1496.41338,"SL",2013,"Southern","Sierra Leone"
3308,0.0278022283327558,0.00675374778437522,0.00383708228309478,1330.03116,"SL",2013,"Western","Sierra Leone"
5109,0.221038921719858,0.0804836008776554,0.0215790746209515,1871.942922,"SN",2013,"West","Senegal"
5108,0.85239593302885,0.684645658820934,0.415882117899652,786.807155,"SN",2013,"South","Senegal"
5106,0.707028630119097,0.544310556443618,0.312158264056532,1075.846555,"SN",2013,"Center","Senegal"
5107,0.744844162804373,0.536780595053898,0.255175396619187,776.403249,"SN",2013,"North","Senegal"
2355,0.384575189288899,0.252237277419786,0.0988877088882187,1384.9333,"SZ",2013,"Manzini","Swaziland"
2354,0.474314461095406,0.336464190582211,0.157622215091046,1488.939385,"SZ",2013,"Hhohho","Swaziland"
2357,0.56500029496686,0.460644858213792,0.29394558809593,995.247399,"SZ",2013,"Lubombo","Swaziland"
2356,0.703164532419062,0.560401152957367,0.311697489144696,973.879895,"SZ",2013,"Shiselweni","Swaziland"
3602,0.161151405993547,0.0378220636756227,0.00182663664304791,2899.000751,"TG",2013,"Greater Lomé area","Togo"
3603,0.813901373587672,0.715102822841185,0.404513504349645,1040.72061,"TG",2013,"Kara","Togo"
3605,0.85533016718212,0.726334382634273,0.227372892180871,2225.894319,"TG",2013,"Plateaux","Togo"
3606,0.91969848925475,0.834230537568181,0.624649509015199,823.74444,"TG",2013,"Savanes","Togo"
3604,0.881974956881599,0.721425025720755,0.139926874615733,1744.477397,"TG",2013,"Maritime (excluding Greater Lomé area)","Togo"
3601,0.836642128142082,0.693122581391943,0.267625492262853,815.162566,"TG",2013,"Centrale","Togo"
2910,0.00108269181194437,0,0.00411192622817255,756.343579,"TJ",2013,"Dushanbe","Tajikistan"
2913,0.107352334597473,0.0481785154231818,0.160484905801478,2068.788777,"TJ",2013,"Sughd","Tajikistan"
2914,0.0643613947657937,0.0194188493630824,0.121457686752986,1301.719506,"TJ",2013,"DRS","Tajikistan"
2912,0.210497216285904,0.0837427951991586,0.34344126431218,2145.576483,"TJ",2013,"Khatlon","Tajikistan"
2911,0.226905450924913,0.119795534940824,0.344103426403252,159.571323,"TJ",2013,"GBAO","Tajikistan"
5146,0.710880898635167,0.343671500738859,0.127590704962283,413.542507,"TL",2013,"Aileu","Timor-Leste"
5147,0.801106980795799,0.499111018809375,0.323985429912123,616.62497,"TL",2013,"Ainaro","Timor-Leste"
5148,0.620728125655639,0.359004555155446,0.213125225559486,1383.407235,"TL",2013,"Baucau","Timor-Leste"
5149,0.626338440835846,0.280293674195125,0.148338156629269,952.750649,"TL",2013,"Bobonaro","Timor-Leste"
5150,0.643572767680704,0.379389817091709,0.213866991296139,787.27705,"TL",2013,"Cova Lima","Timor-Leste"
5151,0.131170262568273,0.052498504010921,0.0262546670553862,2015.955559,"TL",2013,"Dili","Timor-Leste"
5152,0.808751481290878,0.477042881519529,0.2646785143124,1174.559147,"TL",2013,"Ermera","Timor-Leste"
5154,0.577925172088593,0.297235934970462,0.178688619776686,695.080499,"TL",2013,"Lautem","Timor-Leste"
5153,0.661075219258536,0.28552944063012,0.148467091696234,721.213198,"TL",2013,"Liquica","Timor-Leste"
5156,0.571895527032002,0.291349950354025,0.17861829928424,505.151725,"TL",2013,"Manatuto","Timor-Leste"
5155,0.630264721456003,0.34517025842752,0.240983576373678,555.6142,"TL",2013,"Manufahi","Timor-Leste"
5157,0.774514199384742,0.561486335925457,0.430951234020373,882.837653,"TL",2013,"Oecussi","Timor-Leste"
5158,0.739669278596771,0.427179430255366,0.305002690989198,797.985366,"TL",2013,"Viqueque","Timor-Leste"
4197,0.848750909031995,0.630521126292724,0.328310708125856,648.591032,"TZ",2013,"Dodoma","Tanzania"
4217,0.87673424600355,0.674539627960654,0.357417230763288,428.894314,"TZ",2013,"Manyara","Tanzania"
4198,0.525930053155509,0.370622207254589,0.210230088217042,485.857257,"TZ",2013,"Arusha","Tanzania"
4199,0.434023522131945,0.139061572133976,0.0219490957414461,430.534274,"TZ",2013,"Kilimanjaro","Tanzania"
4200,0.597646147197404,0.399899751273498,0.125101795221322,609.555873,"TZ",2013,"Tanga","Tanzania"
4201,0.690360149179804,0.465216759825442,0.158673687994989,698.457012,"TZ",2013,"Morogoro","Tanzania"
4202,0.697978065959012,0.438701979886728,0.119765181085372,298.249739,"TZ",2013,"Pwani","Tanzania"
4203,0.0204938903494593,0.00268499293388264,0.00191482966417323,1273.714339,"TZ",2013,"Dar es Salaam","Tanzania"
4204,0.826796659486604,0.599931241161161,0.225173492016146,312.852869,"TZ",2013,"Lindi","Tanzania"
4205,0.811205203767624,0.629406195614438,0.251842293641138,484.926496,"TZ",2013,"Mtwara","Tanzania"
4206,0.723314217082918,0.480410661234027,0.206357538358654,410.049905,"TZ",2013,"Ruvuma","Tanzania"
4207,0.605854618520385,0.36720874057135,0.101811025333815,301.157521,"TZ",2013,"Iringa","Tanzania"
4208,0.697877846189363,0.448374394691826,0.163082762925204,901.518679,"TZ",2013,"Mbeya","Tanzania"
4209,0.834534964801918,0.683002171286962,0.36564249120219,391.649752,"TZ",2013,"Singida","Tanzania"
4210,0.801668527631209,0.688387610409031,0.446619471605493,538.588983,"TZ",2013,"Tabora","Tanzania"
4211,0.807155541257969,0.554500434120101,0.306418995115124,294.815881,"TZ",2013,"Rukwa","Tanzania"
4212,0.830975625798766,0.656539155350189,0.240835162496859,477.005375,"TZ",2013,"Kigoma","Tanzania"
4213,0.722447445988676,0.570329894295459,0.332241510824174,400.188672,"TZ",2013,"Shinyanga","Tanzania"
4214,0.844392067370031,0.616629197891757,0.162854576182126,642.648002,"TZ",2013,"Kagera","Tanzania"
4215,0.673584428791049,0.459783779475556,0.21260947312664,717.244861,"TZ",2013,"Mwanza","Tanzania"
4216,0.718496450843126,0.461598159940329,0.237300146874358,436.528887,"TZ",2013,"Mara","Tanzania"
4218,0.733034340027645,0.378624014233683,0.101200667764525,221.540969,"TZ",2013,"Njombe","Tanzania"
4219,0.740519960479156,0.513520444141932,0.294424703823619,104.37024,"TZ",2013,"Katavi","Tanzania"
4220,0.90075044277747,0.724980867340358,0.366443662531601,347.916867,"TZ",2013,"Simiyu","Tanzania"
4221,0.802826446525546,0.578782854613093,0.226833954304148,390.387644,"TZ",2013,"Geita","Tanzania"
4222,0.612768830693912,0.123859832885815,0.0183552303261083,47.647182,"TZ",2013,"Kaskazini Unguja","Tanzania"
4224,0.0678701346594297,0.010186179507843,0,133.549875,"TZ",2013,"Mjini Magharibi","Tanzania"
4223,0.463895130967785,0.113941214999318,0.00517372993639075,32.276907,"TZ",2013,"Kusini Unguja","Tanzania"
4225,0.657520354133322,0.255066031006402,0.0153735132096524,53.605574,"TZ",2013,"Kaskazini Pemba","Tanzania"
4226,0.617875078705598,0.220925605768079,0.0149099136264104,48.675064,"TZ",2013,"Kusini Pemba","Tanzania"
5129,0.00162590595332082,0.00152572045416758,0,979.293419,"UG",2013,"Kampala","Uganda"
5127,0.22367446737172,0.103103525816122,0.0336933282824695,2582.533826,"UG",2013,"Central 1","Uganda"
5131,0.52477510755697,0.218911316353491,0.0545869697990714,1156.357886,"UG",2013,"Kigezi","Uganda"
5128,0.393669952534252,0.188656077413984,0.063289170890741,2200.063092,"UG",2013,"Central 2","Uganda"
5126,0.529099440399998,0.290563985145824,0.129420268465322,1839.910107,"UG",2013,"Busoga","Uganda"
5124,0.690008494598862,0.4629154515025,0.222769808283487,1095.642084,"UG",2013,"Bukedi","Uganda"
5123,0.694229307757273,0.44403755955772,0.186533667657594,1041.473925,"UG",2013,"Bugishu","Uganda"
5133,0.745366856855953,0.639006084962783,0.445854707886381,960.846797,"UG",2013,"Teso","Uganda"
5130,0.936099180800761,0.884340463164666,0.807575743550994,469.407785,"UG",2013,"Karamoja","Uganda"
5132,0.810908168915166,0.691701611216056,0.462551391555545,1042.507362,"UG",2013,"Lango","Uganda"
5121,0.819446945768478,0.738664882034531,0.601604519626802,954.711039,"UG",2013,"Acholi","Uganda"
5135,0.825353926142903,0.708000947204454,0.500652066299848,1257.185811,"UG",2013,"West Nile","Uganda"
5125,0.660227307762338,0.454354618669639,0.232674923229048,1089.265837,"UG",2013,"Bunyoro","Uganda"
5134,0.567995296194393,0.269066421267144,0.0757615576092418,1400.756866,"UG",2013,"Tooro","Uganda"
5122,0.511378975602764,0.236116009008246,0.0649216452631292,1518.043768,"UG",2013,"Ankole","Uganda"
3611,0.260387132725771,0.109276436313845,0.0116467516743244,2925.483341,"ZM",2013,"Lusaka","Zambia"
3612,0.88724180639343,0.831327456990013,0.384968359008775,881.444415,"ZM",2013,"Muchinga","Zambia"
3608,0.398764759732209,0.281259595956108,0.0367817103539475,2455.142274,"ZM",2013,"Copperbelt","Zambia"
3616,0.91765553801784,0.874210647558724,0.455900303238392,1057.281363,"ZM",2013,"Western","Zambia"
3610,0.936700827027317,0.881749422544324,0.2958850356176,1264.631262,"ZM",2013,"Luapula","Zambia"
3615,0.777203148299911,0.676705219886737,0.122212516487568,1933.505248,"ZM",2013,"Southern","Zambia"
3613,0.865041420227841,0.806979940448632,0.278412250000909,756.976401,"ZM",2013,"North Western","Zambia"
3609,0.887830257849693,0.810691033025436,0.327693455941328,1904.506473,"ZM",2013,"Eastern","Zambia"
3607,0.785544381495754,0.685989888976577,0.159844621983856,1472.201317,"ZM",2013,"Central","Zambia"
3614,0.927920938530731,0.870692229602371,0.439030103313655,1268.827925,"ZM",2013,"Northern","Zambia"
4087,0.24374408791063,0.101539761615205,0.148134811148061,1163.41061,"ZW",2013,"Mashonaland East","Zimbabwe"
4092,0.398873268098832,0.265179812081452,0.304754911005616,1243.999392,"ZW",2013,"Masvingo","Zimbabwe"
4093,0.000805266545031289,0,0,1555.779273,"ZW",2013,"Harare Chitungwiza","Zimbabwe"
4088,0.326408750231307,0.183028573248254,0.233510513642934,1307.669386,"ZW",2013,"Mashonaland West","Zimbabwe"
4094,0,0,0,542.409452,"ZW",2013,"Bulawayo","Zimbabwe"
4086,0.445637599604983,0.237205454600654,0.319160892484596,909.299638,"ZW",2013,"Mashonaland Central","Zimbabwe"
4085,0.315105761216595,0.148273297979479,0.214245000489882,1483.62136,"ZW",2013,"Manicaland","Zimbabwe"
4091,0.321804640512319,0.200403053534386,0.232936206053028,1270.690259,"ZW",2013,"Midlands","Zimbabwe"
4089,0.557488819383068,0.378200293085326,0.453410965772374,527.071765,"ZW",2013,"Matabeleland North","Zimbabwe"
4090,0.291103802694043,0.143061450034421,0.201055155504853,530.048507,"ZW",2013,"Matabeleland South","Zimbabwe"
