"OBJECTID","DHSCC","P20HC.0","ExtremeHC.0","NP20HC.0","RequestYear.0","P20HC.1","ExtremeHC.1","NP20HC.1","RequestYear.1","P20growthrate","ext.growthrate","NP20growthrate"
237,"BF",0.717110296439221,0.83385805091618,0.202916086003425,1999,0.859978871452098,0.626708403804843,0.211184122913282,2013,0.0142305838667741,-0.0177445110098036,0.00291043493210221
238,"BF",0.691406008405545,0.826659476489667,0.189533392601174,1999,0.555078557442508,0.29198770323373,0.057596543004316,2013,-0.0140838739472983,-0.0461989997489977,-0.0497224291516822
239,"BF",0.16592487332209,0.212897237832842,0.0283760681212026,1999,0.0669386507841365,0.025938289634669,0.00889451959310333,2013,-0.0426123240321641,-0.0627260866393624,-0.0490391824066267
240,"BF",0.553498684259572,0.80068465549829,0.171261049355835,1999,0.751168841307751,0.447042441766526,0.139507733267995,2013,0.0255091788536057,-0.0315481980955128,-0.013243490068555
241,"BF",0.863026110495166,0.901047499593538,0.220450341191015,1999,0.824389985210487,0.558986847863387,0.257760626662419,2013,-0.00319772855196296,-0.0271161106445914,0.012088982835846
242,"BF",0.704878704580332,0.816830176238827,0.229084268398012,1999,0.743998115382715,0.454041153127537,0.135760239749553,2013,0.00396414817270617,-0.0317244666083808,-0.0290984714617633
243,"BF",0.625666056273359,0.877808685047306,0.131372903342628,1999,0.88100757852823,0.666523702514043,0.222354795305085,2013,0.0291508225165624,-0.0171925668129478,0.0494676330003762
244,"BF",0.904442136831757,0.956196597894807,0.493981745104827,1999,0.940612832238904,0.830146584882666,0.554349322525107,2013,0.00285659081471028,-0.00941602634628971,0.00872900640249216
245,"BF",0.450986143764087,0.521320878744394,0.0684373777808274,1999,0.396300363862841,0.212861527828134,0.0489020691888943,2013,-0.00866130188214083,-0.0422634344375369,-0.0203891386605551
246,"BF",0.73108244468299,0.838528099180166,0.202980633334294,1999,0.748828324159144,0.454060131986326,0.122539929676782,2013,0.00173381651952386,-0.0327502413855333,-0.0283069594009115
247,"BF",0.481874073554615,0.564852050806906,0.0795530885048255,1999,0.831294496610715,0.525014875121903,0.181230804170394,2013,0.0517948630494965,-0.00503762453347552,0.0912936771231889
248,"BF",0.815552653490883,0.921831388119593,0.189132366967167,1999,0.920274730805505,0.870227139307999,0.659638400639479,2013,0.00917187669931288,-0.00399858132383155,0.177693402629338
249,"BF",0.909558682835599,0.926925893553399,0.258925464456849,1999,0.774274129076634,0.548096582312291,0.250845957142171,2013,-0.0106240340438829,-0.0291924486147319,-0.00222885634885228
337,"CM",0.203953949564083,0.271650675019879,0.225342661491725,2002,0.408453764694658,0.307392145929322,0.207852850673235,2011,0.111408490640852,0.0146190490607211,-0.00862381006907973
338,"CM",0.0377349164875285,0.0757130403919117,0.0516179958716063,2002,0.267011770154569,0.159433721276997,0.033665547950648,2011,0.675109642058548,0.122862558787355,-0.0386438179549562
339,"CM",0.000454478262159574,0.000908956524319149,0.000454478262159574,2002,0,0,0,2011,-0.111111111111111,-0.111111111111111,-0.111111111111111
340,"CM",0.170057814597033,0.254223891107942,0.195238709402956,2002,0.493074454325055,0.39107267019522,0.269056016567119,2011,0.211050211556606,0.0598111366808179,0.0420097174547096
341,"CM",0.42820907521021,0.598207216320186,0.497374500735928,2002,0.799937033063587,0.722320170976863,0.595217056840855,2011,0.0964554672454741,0.0230527615163458,0.0218575642834204
342,"CM",0.0424477163672206,0.0645224766694642,0.0458971842859725,2002,0.144656943425969,0.0842868102197948,0.0341205224431742,2011,0.267542797498413,0.034035225777177,-0.0285097659669085
343,"CM",0.412315737755122,0.51064732751168,0.450142346827442,2002,0.693180430924116,0.619148230740268,0.556599287455862,2011,0.0756875987799971,0.0236085753606763,0.0262773521355627
344,"CM",0.183903308797293,0.260374859162156,0.213624890459455,2002,0.429372312744632,0.293046420170675,0.122880710705761,2011,0.14830801006408,0.013942104307122,-0.0471980892189758
345,"CM",0.0524209020670264,0.0845882737899744,0.0571864386185742,2002,0.333105197945849,0.162555152219081,0.0296270100512538,2011,0.594937186442526,0.102413562825888,-0.053546938814051
346,"CM",0.0611326360968548,0.0987788285238473,0.0687652827314388,2002,0.202869786475029,0.0939175108844564,0.0263827837830635,2011,0.257613171453795,-0.00546824063869485,-0.0684817448975092
347,"CM",0.148515606357544,0.187398876660815,0.160486061091518,2002,0.344719514607553,0.22755523683088,0.0607726225472807,2011,0.146788844517238,0.0238092024678971,-0.0690357210713876
348,"CM",0,0,0,2002,0.000916152349956116,0,0,2011,,,
1476,"MD",0.304751839263046,0.272729243051785,0.00930265172050342,2008,0.597394337919854,0.427794544852493,0.0141166644202839,2013,0.192052982757694,0.113713733126348,0.103497644422615
1477,"MD",0.771403760299413,0.747664234630787,0.0637996854382341,2008,0.933082352894268,0.830572631705166,0.00603594674769244,2013,0.0419180203456881,0.0221779759507478,-0.181078443549582
1478,"MD",0.812362540650964,0.769280704543497,0.0446026691302201,2008,0.923950253466218,0.844930136771304,0.0312682557780352,2013,0.0274723924926022,0.0196675756407276,-0.0597919972603177
1479,"MD",0.826960024018317,0.789787708100663,0.0819175887335968,2008,0.944439106282088,0.856299603963365,0.0534187875877756,2013,0.0284122760113418,0.0168429807606538,-0.0695791992571995
1480,"MD",0.777553558498102,0.754472287475147,0.135694624055888,2008,0.901631409383735,0.811724572886287,0.0598091802600875,2013,0.0319149335835588,0.0151767762346144,-0.11184738426269
1481,"MD",0.761551420611004,0.717349802967092,0.179847864894989,2008,0.949391473086447,0.877478604349012,0.0553377514115809,2013,0.0493308914911448,0.0446445515757018,-0.138461597590951
1482,"MD",0.957667748453378,0.952964968668571,0.455520800048307,2008,0.96109563273555,0.901404892574137,0.337143701810056,2013,0.000715881742432811,-0.0108209803696082,-0.0519743986336946
1483,"MD",0.902896165854856,0.888686783873237,0.393572407489009,2008,0.883691542385855,0.797862193983367,0.191446754208821,2013,-0.00425400487791825,-0.0204401801710207,-0.102713325138695
1484,"MD",0.962384473098402,0.954815305492819,0.549560054298492,2008,0.959238500468649,0.933922135513519,0.44404479217316,2013,-0.00065378707111191,-0.00437637936030263,-0.0383999023582678
1485,"MD",0.655489468981024,0.643222413602393,0.0879582836187826,2008,0.756591967616549,0.681920690779931,0.249846029256661,2013,0.0308479398739057,0.01203262708487,0.36810119292348
1486,"MD",0.92756119566345,0.918724481097141,0.0762024106911738,2008,0.942008249668487,0.875869486225414,0.13010445071391,2013,0.00311506218082015,-0.00932923760136427,0.141470695044507
1487,"MD",0.737283148651225,0.691339978839462,0.0707396233155807,2008,0.817123288141905,0.715456258828673,0.120671516379297,2013,0.0216579314573346,0.0069766773880761,0.141170932847527
1488,"MD",0.618670672390758,0.591125783564961,0.222748157222257,2008,0.803318676861716,0.70533948753273,0.273602267394836,2013,0.0596918563336494,0.0386427752411572,0.0456606337908661
1489,"MD",0.894472465982084,0.87840550040401,0.312335722375918,2008,0.940361461733374,0.890011796796929,0.204790710441633,2013,0.0102605720123327,0.00264258281342313,-0.0688650091742288
1490,"MD",0.859740501290453,0.840615740665544,0.454957655157915,2008,0.943384377724649,0.837040616746711,0.309229265519123,2013,0.0194579355767579,-0.000850596472533886,-0.0640623970106449
1491,"MD",0.781155630330437,0.763286532514656,0.432208242473472,2008,0.916540851952575,0.85336395272694,0.425203136567741,2013,0.0346628037654592,0.023602517894695,-0.00324154202411417
1492,"MD",0.851545221331157,0.83254703244242,0.507186686268141,2008,0.914484423321471,0.866734317637168,0.429223481614652,2013,0.0147823510516389,0.00821269762849411,-0.0307433955836416
1493,"MD",0.975830781701318,0.971676626944481,0.53692542938099,2008,0.988701962886984,0.963023414579795,0.555954499208092,2013,0.00263799450212571,-0.00178108891883025,0.00708816114336019
1494,"MD",0.878883525023343,0.866121376289035,0.472572859656038,2008,0.931535612220228,0.88586548972899,0.277294702936292,2013,0.0119815847487837,0.00455920243524067,-0.0826446769972696
1495,"MD",0.827417543043406,0.816112321088159,0.366404837415993,2008,0.858099338694647,0.748319807784918,0.190133227065102,2013,0.00741627873597835,-0.0166135252590846,-0.0962168576124796
1496,"MD",0.672559666494629,0.625746111116557,0.157976277370877,2008,0.666258783222556,0.542524635141885,0.118871698774349,2013,-0.00187370238983039,-0.0265991188746423,-0.049506899703331
1497,"MD",0.890366121821581,0.840825285759691,0.143642797352465,2008,0.950399071875377,0.857163814730228,0.13443135627,2013,0.0134850032099101,0.00388630771392071,-0.0128254827283296
1683,"MZ",0.907370871003373,0.885833208617213,0.0282345592912326,2008,0.902707128757001,0.805296496269485,0.269722382389096,2013,-0.00102796825320477,-0.0181832678125594,1.71058326504746
1684,"MZ",0.898014764732892,0.877285996445605,0.17793512637968,2008,0.856184875856003,0.743082500379977,0.18369251556201,2013,-0.00931608042977559,-0.0305951529169197,0.00647133514272479
1685,"MZ",0.809257742084674,0.787074137126997,0.312537437732369,2008,0.881939228961956,0.808894960472386,0.328266719487106,2013,0.0179625064049564,0.00554479490967389,0.010065534464518
1686,"MZ",0.903239364361851,0.890591825897248,0.392384113997374,2008,0.910392172588649,0.848064481984777,0.379176464000658,2013,0.00158381233347852,-0.00955035576923806,-0.00673200036676535
1687,"MZ",0.894189804048877,0.8692312770966,0.167924539691141,2008,0.918285151042651,0.836602601057712,0.264412211960808,2013,0.0053893137418188,-0.00750747859600112,0.114917894010172
1688,"MZ",0.771128454522265,0.735493107491783,0.148600907092756,2008,0.779769028784339,0.651767801476171,0.118838732742248,2013,0.00224102073043775,-0.0227671218568278,-0.0400565177330055
1689,"MZ",0.643740655703544,0.635597831297632,0.0772568049792684,2008,0.696670113087993,0.634910128691628,0.0831035440975589,2013,0.0164443419614697,-0.000216395516831672,0.0151358553330271
1690,"MZ",0.630040667925043,0.576202076292178,0.0143961798799799,2008,0.767050248477924,0.397902749368237,0.0659818289021513,2013,0.0434922974112461,-0.0618877766186771,0.716657466803524
1691,"MZ",0.383849357274508,0.34251489200451,0.0187422387696061,2008,0.607928619489308,0.308681217357051,0.0208350740788112,2013,0.116753751422619,-0.0197560313068159,0.0223328209071697
1692,"MZ",0.207334686350159,0.165649365588069,0.00167824222110294,2008,0.262827920690782,0.111744248576327,0.000899449404069599,2013,0.0535301018054485,-0.0650833968731171,-0.0928105379831902
1693,"MZ",0,0,0,2008,0.0134222173806158,0,0,2013,,,
2864,"HT",0.735318066554379,0.844193154616962,0.230578694645632,1999,0.487306295919007,0.343978044377114,0.289338927739865,2012,-0.025945001732121,-0.0455797173817691,0.0196029296517283
2865,"HT",0.616219806265372,0.693839827908267,0.341962006508363,1999,0.282618847267336,0.201610089452548,0.176160887701384,2012,-0.0416436017955046,-0.0545714219796292,-0.0372963427900858
2866,"HT",0.655646131569654,0.805503743224726,0.282891333355097,1999,0.397227576435319,0.287726053009102,0.242788341378673,2012,-0.0303187183417966,-0.0494461427752766,-0.0109047014627903
2867,"HT",0.698388215365292,0.824306478314351,0.208521998156165,1999,0.429314184257547,0.287460450308291,0.234269168528648,2012,-0.0296368150801018,-0.0500976874433956,0.00949804617559272
2868,"HT",0.721083735913802,0.847264008017941,0.262085511288502,1999,0.612623271908596,0.479334262863444,0.433798233054975,2012,-0.0115702410139818,-0.0334043318504899,0.050398325493748
2869,"HT",0.670505119991901,0.790044765594355,0.276804853917134,1999,0.415950412253478,0.306210488685106,0.257876369350239,2012,-0.0292035523378711,-0.0471087499361029,-0.00526015802747608
2870,"HT",0.753215620375664,0.84761253295353,0.312702400835842,1999,0.680934674598023,0.570549895875839,0.520418069465534,2012,-0.0073817809956638,-0.0251441663682977,0.0510969161522945
2871,"HT",0.736761700418924,0.816815055097605,0.38494316698144,1999,0.478691396145254,0.349835474520711,0.30821461747021,2012,-0.0269443455813702,-0.043977527071817,-0.0153326429003298
2872,"HT",0.800499481841156,0.856876506436762,0.265754533298599,1999,0.530514957710878,0.386269115115717,0.339482435664857,2012,-0.0259438522932545,-0.0422471246337397,0.0213406598739916
2873,"HT",0.656371044651398,0.789980143352045,0.273894441623958,1999,0.325336787645182,0.229020645320821,0.183881462669368,2012,-0.0387953945003576,-0.0546225509348744,-0.0252800869676122
2874,"HT",0.00220290613562562,0.0120840006071494,0,1999,0.00461629754102363,2.95883691389795e-05,2.95883691389795e-05,2012,0.0842729927165966,-0.0767347263536505,
3195,"JO",0.00163530761989451,0.00667450155039448,0.238652691720818,2002,0.0127390695139895,0.00386875007527985,0.329011236137915,2012,0.679001415942235,-0.0420368690295503,0.0378619422917718
3196,"JO",0.000740861752510537,0.00227330419452485,0.134097205015986,2002,0.00146300315916247,0,0.128123162001961,2012,0.0974731661075547,-0.1,-0.00445500934438794
3197,"JO",0.0115929177386016,0.041859761259901,0.423954487925272,2002,0.0126526090376881,0.00431902151734004,0.152868969600917,2012,0.00914085067263051,-0.0896821639986815,-0.0639421272908279
3198,"JO",0.00765086652095264,0.00942218784597287,0.293734752915142,2002,0.00869524273475743,0.00404314581999494,0.248359216948636,2012,0.0136504304570556,-0.0570890977118121,-0.0154477927845381
3199,"JO",0.00513322681517997,0.011475482292769,0.195793289916086,2002,0.00618044422239834,0.0018377103567565,0.206259554072522,2012,0.0204007624233853,-0.0839857680063304,0.00534556835983606
3200,"JO",0.00403223512257166,0.021369640114228,0.335981534315834,2002,0.0173640329915228,0.00529456970549292,0.32006232708819,2012,0.330630468305837,-0.0752238705135339,-0.00473811968864924
3201,"JO",0.0238568968026066,0.0403573582244158,0.28862571983161,2002,0.0110055285315396,0.00211603436452629,0.302531925481497,2012,-0.053868566299297,-0.0947567569889991,0.0048180756926306
3202,"JO",0.00745336018498032,0.0285396904208202,0.318566423553392,2002,0.0122868353933769,0.00581812604265083,0.34328804449264,2012,0.064849612636952,-0.079613913266535,0.00776027199084409
3203,"JO",0.0126848885453646,0.0158782853729989,0.285824188963102,2002,0.00140530604604999,0.000770049383144456,0.247812427295012,2012,-0.0889214158955813,-0.0951502988826871,-0.0132990009718866
3204,"JO",0.00420243296713364,0.0142670618175218,0.303564992342815,2002,0.0237033509477807,0.00940343856532462,0.388121224536707,2012,0.464038763572429,-0.034089872984387,0.0278544082245172
3205,"JO",0.00796639884486602,0.0268195070200429,0.326686369923778,2002,0.0015746304261115,0.000866959251823223,0.319039866065675,2012,-0.0802341000397404,-0.0967674303216114,-0.00234062530980008
3206,"JO",0.00287991863956771,0.00682618435225387,0.185197377626871,2002,0.0049019820151304,0,0.206588670480123,2012,0.07021251738786,-0.1,0.0115505376627691
3276,"GN",0.493472350335021,0.598785588872835,0.165211448270274,1999,0.54083762602282,0.423657305464912,0.269546113467178,2012,0.00738335743176237,-0.0224978801533165,0.0485786158326961
3277,"GN",0.0011441647597254,0.0022883295194508,0,1999,0,0,0,2012,-0.0769230769230769,-0.0769230769230769,
3278,"GN",0.556925998867155,0.732721757126748,0.18505836821486,1999,0.722693013685345,0.557171784553046,0.363415369948839,2012,0.0228958763966953,-0.0184297025614254,0.0741375248063523
3279,"GN",0.471511391749474,0.681904891707087,0.0698662330092927,1999,0.686671481264705,0.549321709944937,0.351370467672047,2012,0.035101540293962,-0.0149562005104035,0.309937590226953
3280,"GN",0.506825617207829,0.594527036307692,0.156400864061421,1999,0.514038520388056,0.326412446538514,0.157086193984536,2012,0.0010947329561358,-0.0346900947366501,0.000337067743901759
3281,"GN",0.655174392993698,0.745329762843126,0.335049501416278,1999,0.654716995078753,0.494432295563418,0.347791682781897,2012,-5.37024269751583e-05,-0.0258943170359136,0.00292544174282327
3282,"GN",0.617435297890754,0.696129891657934,0.30047026711105,1999,0.585848497347187,0.38981883833693,0.234308824244616,2012,-0.00393523644706918,-0.0338476899201714,-0.0169379213720189
3283,"GN",0.531463346096029,0.666203825257475,0.341101335471483,1999,0.650678850549866,0.335771364009414,0.087502453828928,2012,0.0172550439967105,-0.038153310849938,-0.0571900612855485
3305,"SL",0.704645516845649,0.668999238221044,0.233428885958914,2008,0.602475769523189,0.299751700642023,0.152333562108154,2013,-0.0289989065082891,-0.110388029308045,-0.0694818239975948
3306,"SL",0.720796813483772,0.681186434016502,0.192683052202809,2008,0.692345293146466,0.433612632650694,0.271583632871171,2013,-0.00789446340634977,-0.0726889993701225,0.0818967519627156
3307,"SL",0.778379928018301,0.755782391467877,0.352257445681256,2008,0.646969518543065,0.445634498403108,0.319877921032756,2013,-0.0337651074353363,-0.0820733313096647,-0.0183840114924347
3308,"SL",0.0576683311692274,0.0472034675907052,0.00764057169782943,2008,0.0278022283327558,0.00675374778437522,0.00383708228309478,2013,-0.103578869826594,-0.171384526904099,-0.0995603356700432
3393,"LB",0.893442655885985,0.918099374977934,0.248507585781578,2005,0.870873516337924,0.647435443709719,0.275681904449532,2013,-0.00315760885706768,-0.0368511212735986,0.013668757123897
3394,"LB",0.951950754595004,0.973269158334919,0.233608914613672,2005,0.88760437674702,0.518970157323108,0.271412065502544,2013,-0.00844927869658536,-0.0583470406312155,0.0202277976802537
3395,"LB",0.419730750823425,0.472985532891799,0.100110322532105,2005,0.339537842946513,0.189423468396248,0.0994842036175045,2013,-0.0238822470475388,-0.074939412724178,-0.00078178615696677
3396,"LB",0.961701887313643,0.977611364053482,0.454947901796056,2005,0.919605213875328,0.680361561564092,0.443532850915523,2013,-0.00547163757210474,-0.0380071536373231,-0.00313636210747107
3397,"LB",0.769298376736751,0.794884761987043,0.234278582652113,2005,0.86836548769423,0.591929340853452,0.331056538630483,2013,0.0160969907699707,-0.0319158560522417,0.0516361519706635
3413,"ML",0.0060512072419467,0.0224669970632114,0,1999,0.0106645075977485,0.00319474093401417,0,2013,0.0544554897577486,-0.0612716385568139,
3415,"ML",0.678743776472471,0.786092848107411,0.201000323684924,1999,0.73436913580576,0.400136589495805,0.0962139782490552,2013,0.00585381419337255,-0.0350700356235481,-0.0372374472960428
3417,"ML",0.696646065178966,0.787730807917457,0.284123299757538,1999,0.655267243126361,0.466905383165385,0.135933265683967,2013,-0.00424265677271192,-0.0290912854209536,-0.0372549609372388
3418,"ML",0.728460642253439,0.832359399789136,0.305951939127913,1999,0.896779584307136,0.736023476300249,0.349899459867971,2013,0.016504366712349,-0.00826702671202681,0.0102601363901718
3419,"ML",0.698492051543116,0.832057063364837,0.15451901029359,1999,1,0.849607677005112,0.232384238760263,2013,0.0308325370132078,0.00150664577613226,0.0359942897819902
3420,"ML",0.736612677119582,0.831999775991565,0.278852229676183,1999,0.905381788257623,0.700755039930424,0.320608400903292,2013,0.0163653666089473,-0.0112675799620194,0.0106959290321715
3421,"ML",0.631168561787276,0.728016166327445,0.184756371464307,1999,0.853736353964117,0.678095923765345,0.268900795919114,2013,0.0251877238565013,-0.00489787421832442,0.0325310352484778
3423,"NG",0.659461942920861,0.738420685191403,0.200093200599277,2002,0.729610322085463,0.55926094973162,0.167095399182638,2013,0.00967019468986313,-0.0220568694848253,-0.0149920143203318
3424,"NG",0.815165110338283,0.869433155530217,0.345958256712554,2002,0.865787799469194,0.749454717531742,0.316205309284214,2013,0.00564555890567354,-0.0125451055756926,-0.00781832302046683
3425,"NG",0.737508895333312,0.812049056399803,0.234607319516961,2002,0.882730960341017,0.80982304997069,0.492965939950589,2013,0.0179008090523775,-0.000249201965366031,0.100112593931452
3426,"NG",0.34987625084803,0.428350026624967,0.0717678156757938,2002,0.480073634836198,0.24867437037518,0.0384841581977604,2013,0.0338294633843187,-0.0381327175274427,-0.0421607793823121
3427,"NG",0.490149277646754,0.564410448439992,0.155100150904428,2002,0.495210277367784,0.224222416421475,0.00454212749416816,2013,0.000938675021493465,-0.0547937849386644,-0.0882468067083331
3428,"NG",0.281527237227387,0.353277941438157,0.11388168584546,2002,0.409978247232883,0.27844419099342,0.0470030996581639,2013,0.0414786315560737,-0.0192569855750242,-0.0533876138769396
3505,"CD",0.999528539448811,0.999717123669287,0.286371485176313,2005,0.987893782425731,0.928401675890958,0.222693028663314,2013,-0.00145503061742188,-0.00891695336734075,-0.0277953898211064
3506,"CD",0.9450125775242,0.956782012179049,0.122566871608199,2005,0.930798360070054,0.859161119152148,0.19336221591158,2013,-0.00188016246981941,-0.0127538054363829,0.072200733540878
3507,"CD",1,1,0.228931866382972,2005,0.985097172539926,0.935095170561291,0.388147294540162,2013,-0.00186285343250926,-0.00811310367983861,0.0869338499444873
3508,"CD",1,1,0.256745884841266,2005,0.968049212134432,0.855057741379308,0.294288341577116,2013,-0.00399384848319603,-0.0181177823275865,0.0182780226249099
3509,"CD",0.990592392832404,0.991204252894066,0.129475681037128,2005,0.900287228024621,0.706381322664122,0.198118327008988,2013,-0.0113953485637989,-0.035918798950662,0.0662698251729761
3510,"CD",0.877235445517044,0.907461790136314,0.323041079565717,2005,0.731999046567389,0.628728332873716,0.159649901118049,2013,-0.0206951850400966,-0.0383946547794492,-0.0632238393129927
3511,"CD",0.534804672072281,0.596145291997717,0.00610908740197898,2005,0.083700298973116,0.0110486952819217,0,2013,-0.105436712844899,-0.122683304844005,-0.125
3512,"CD",1,1,0.251062352190285,2005,0.980609701715386,0.907113254140718,0.182764250125999,2013,-0.00242378728557678,-0.0116108432324103,-0.0340045517918405
3513,"CD",0.995508029171356,0.997453528754081,0.170711043861945,2005,0.857008349326073,0.698929272004395,0.139329307300476,2013,-0.0173905779495028,-0.037410797614122,-0.0229786953523406
3514,"CD",0.996958530287897,0.997459808008083,0.213884303294581,2005,0.938705470065084,0.859965106418482,0.266193808973611,2013,-0.00730384695715372,-0.0172306067479772,0.0305711457510426
3515,"CD",0.959341848502038,0.970263183236517,0.138702544723178,2005,0.941029834725401,0.841423118253536,0.0794947325502559,2013,-0.00238601258316185,-0.0165985975775675,-0.0533586210432266
3551,"DR",0.0193655259578877,0.0233843212638037,0.106808994991533,2005,0.0226744212273129,0.00324244694771983,0.128830340491023,2013,0.0213581551865719,-0.107667623152597,0.025771876120119
3552,"DR",0.039092748233959,0.0480891195131836,0.245980787738855,2005,0.0641606534766702,0.0216894882892717,0.234106926507401,2013,0.0801552281918339,-0.0686216328432527,-0.00603393731508637
3553,"DR",0.0292935794791831,0.0353349754964146,0.14004443479248,2005,0.0362200528962679,0.0119707752153412,0.161081029023118,2013,0.0295562779465331,-0.0826525275341003,0.0187767138531875
3554,"DR",0.0534443595441464,0.0625341445423118,0.276817586772271,2005,0.0400207296237983,0.0109541411887573,0.200307017941164,2013,-0.0313962737013898,-0.103103679859757,-0.0345491817026648
3555,"DR",0.129503876013873,0.152225699747801,0.439146365380106,2005,0.174724254104712,0.103267438701163,0.430563648413501,2013,0.0436477071987345,-0.0402020331715911,-0.00244301150004299
3556,"DR",0.0914045165405714,0.100390167394957,0.261935856980965,2005,0.107892323590425,0.050951704620906,0.257825753191318,2013,0.0225478560495083,-0.0615578996142488,-0.0019614075736993
3557,"DR",0.184051629807741,0.200422555438454,0.46029966375744,2005,0.134477895522318,0.0647838098275947,0.386843667849091,2013,-0.0336683613839816,-0.0845954845963629,-0.0199478735517438
3558,"DR",0.0985229391836042,0.113826584698336,0.305355695466715,2005,0.176019374763756,0.1024374290145,0.346848923065983,2013,0.0983228325077315,-0.0125071349918164,0.0169856122774494
3559,"DR",0.0329826558684166,0.0426821876257121,0.207002246366897,2005,0.0308732621352654,0.00372480114400278,0.178746538283887,2013,-0.00799432943471321,-0.11409146487328,-0.0170624404921486
3560,"BJ",0.578723415247651,0.737651301747524,0.312381998635982,1999,0.939401963311395,0.873493778961637,0.405268718499079,2012,0.0479408694485575,0.0141658006966266,0.0228730603183301
3561,"BJ",0.743001963666567,0.837156356788174,0.526015584388811,1999,0.904535614540735,0.831142133439668,0.499425445674254,2012,0.0167235970555729,-0.000552623845615419,-0.0038884689854042
3562,"BJ",0.37993253353939,0.513086020679101,0.137144196162888,1999,0.581242690819119,0.458157949843466,0.160183139315039,2012,0.0407582803440546,-0.0082349470611837,0.0129223579699609
3563,"BJ",0.48130128787208,0.612769959250154,0.231324799674015,1999,0.705264463818638,0.602563467875972,0.242428362756426,2012,0.0357944951434506,-0.00128125523981563,0.00369229861351754
3564,"BJ",0.463174313531077,0.703122360493746,0.253023952568376,1999,0.82956390137334,0.681177411752962,0.173921709018435,2012,0.0608492604750498,-0.00240082391758232,-0.0240482685675212
3565,"BJ",0.573023216950954,0.73224725901654,0.273919557783509,1999,0.900906492317288,0.784351484166966,0.269965719984418,2012,0.0440153028126846,0.00547358459852292,-0.00111033097315831
3566,"BJ",0.560345056683402,0.739290225510515,0.392428314894529,1999,0.815439996879491,0.64243537689192,0.160511265312567,2012,0.0350189360526087,-0.0100777376916032,-0.0454599537486509
3567,"BJ",0,0.00320512820512821,0,1999,0.0593219665057569,0.00988564740277505,0.0013415038321132,2012,,0.160332460743524,
3568,"BJ",0.494323283874271,0.6367938969511,0.218070596771615,1999,0.776088024029626,0.647823112960382,0.238928795135251,2012,0.0438462267269892,0.00133230113470825,0.00735760263399101
3569,"BJ",0.203572010982776,0.333620205235582,0.0741524377548604,1999,0.523675758437861,0.387625005446374,0.136414083557856,2012,0.120956535576671,0.0124519298760599,0.0645879962206269
3570,"BJ",0.309193858412787,0.479318456443118,0.152000494706335,1999,0.809480814453683,0.598143107934061,0.216713400459992,2012,0.12446434803297,0.0190694885292412,0.0327493396440698
3571,"BJ",0.409315403845226,0.583310078385209,0.149498389259689,1999,0.762521977928968,0.611016210490692,0.219042910271363,2012,0.0663784851797412,0.00365370153913845,0.0357835195807156
3572,"NM",0.761699376448983,0.845025725881457,0.622201754387735,1999,0.58366684484946,0.379290325943761,0.436008846546765,2013,-0.0166950502956302,-0.0393678124373823,-0.0213748889703778
3573,"NM",0,0,0,1999,0.079587487518504,0.00800926492645739,0.0120501750049084,2013,,,
3574,"NM",0.0516338160288274,0.0606530866631975,0.0462189501499317,1999,0.12527060969035,0.0476498387160004,0.0572884290360105,2013,0.101866787705299,-0.0153133744034723,0.0171072051772365
3575,"NM",0.00240209340090217,0.00609412495767103,0.00240209340090217,1999,0.113046264545046,0.0511511191197496,0.0606972781926583,2013,3.29011148307401,0.528108095619474,1.73346372346548
3576,"NM",0.591548665927971,0.657709951428174,0.452367383639361,1999,0.662909266452628,0.500309831615883,0.53595750766938,2013,0.008616680326318,-0.0170939571105238,0.0131988365230182
3577,"NM",0.0221624588459356,0.0355364863437642,0.0167095942485207,1999,0.0667716709405319,0.0053372175719219,0.00763967644015933,2013,0.143773410460523,-0.060700728982979,-0.0387712150510876
3578,"NM",0.309045310847978,0.391489270587407,0.249087594435987,1999,0.408630239386017,0.195701460929173,0.223499446496042,2013,0.0230167193340383,-0.0357221630264178,-0.00733767916861439
3579,"NM",0.680129312252005,0.871127819953836,0.462621167941019,1999,0.662240502844883,0.453305918257888,0.493355866529356,2013,-0.00187871935158602,-0.0342595206651673,0.00474542836685013
3580,"NM",0.22541127742622,0.29386016348981,0.198762615805455,1999,0.294355772552087,0.103605274389433,0.131962822415498,2013,0.0218472068076391,-0.0462452439090555,-0.0240055897545569
3581,"NM",0.429170535822646,0.751336447165675,0.267840344361146,1999,0.47286970862741,0.256736370849913,0.300275763329828,2013,0.00727302837803488,-0.0470209810970438,0.00864998753696449
3582,"NM",0.200651336896672,0.346789440059195,0.123499682079966,1999,0.278366061594656,0.1209725770653,0.137150666946476,2013,0.0276651621165143,-0.0465117274775786,0.00789532678291836
3583,"NM",0.374387328183226,0.553419126545855,0.240111170379063,1999,0.456072538350295,0.288170520116434,0.316466047297421,2013,0.0155845495556434,-0.0342350455954165,0.0227141443326966
3584,"NM",0.0947409066410976,0.153759822119265,0.0689146658629788,1999,0.145471564989586,0.0561470481347208,0.0602800335180355,2013,0.0382476649415087,-0.0453456624935991,-0.00894961102236964
3607,"ZM",0.597501661401013,0.632490785457487,0.170145128661167,2005,0.785544381495754,0.685989888976577,0.159844621983856,2013,0.0393393718048042,0.0105730993931384,-0.00756744165874964
3608,"ZM",0.12837280393558,0.145806817358383,0.0340755716900241,2005,0.398764759732209,0.281259595956108,0.0367817103539475,2013,0.263287810489361,0.116123495673724,0.00992697455137515
3609,"ZM",0.802754322708013,0.817329392329065,0.438659949821509,2005,0.887830257849693,0.810691033025436,0.327693455941328,2013,0.0132475049861278,-0.00101525152617967,-0.0316208756707027
3610,"ZM",0.623236155071174,0.73584176431777,0.0863743942513514,2005,0.936700827027317,0.881749422544324,0.2958850356176,2013,0.0628703641078768,0.0247858414169097,0.303201317911081
3611,"ZM",0.0811288025670517,0.0930783874602842,0.0185419330406272,2005,0.260387132725771,0.109276436313845,0.0116467516743244,2013,0.276194034188052,0.0217532357611912,-0.0464837009657702
3612,"ZM",0.835981236028963,0.848784577001822,0.363064717914244,2005,0.88724180639343,0.831327456990013,0.384968359008775,2013,0.00766473100041731,-0.00257089968479883,0.00754123163645757
3613,"ZM",0.803344404294525,0.832665262579009,0.22090659587379,2005,0.865041420227841,0.806979940448632,0.278412250000909,2013,0.00960002578027189,-0.00385588952798713,0.032539575097145
3614,"ZM",0.767730561023448,0.810880587162652,0.185082666395066,2005,0.927920938530731,0.870692229602371,0.439030103313655,2013,0.0260818029201767,0.00922016807816997,0.171509467812972
3615,"ZM",0.552222678314411,0.577823554791918,0.20261172342776,2005,0.777203148299911,0.676705219886737,0.122212516487568,2013,0.0509261206620997,0.0213909731341836,-0.0496017737646222
3616,"ZM",0.88684550301269,0.900694171125087,0.411150163793128,2005,0.91765553801784,0.874210647558724,0.455900303238392,2013,0.00434264408238038,-0.00367543229646996,0.013605168921865
3700,"KE",0.1302700559407,0.210280317613147,0.0163901091818924,2002,0.33361959067392,0.168533516023861,0.0852397318442037,2013,0.141907679442456,-0.0180481170274155,0.381880104409529
3701,"KE",0.338422586063809,0.382085399537237,0.265611722687269,2002,0.570608456532596,0.466660407732948,0.35178377315498,2013,0.0623711515586418,0.0201228236357974,0.0294935129012186
3702,"KE",0.321275634231602,0.416407718430565,0.163788292486485,2002,0.611524333617915,0.465012238730937,0.291394609646548,2013,0.0821296188920891,0.0106112172253503,0.0708266391398872
3703,"KE",0,0,0,2002,0.0364719885891603,0.0182393034479363,0.00747499195340658,2013,,,
3704,"KE",0.819415640308323,0.852715055719584,0.743464635984188,2002,0.769591159732057,0.70188008714685,0.635360624430806,2013,-0.00552771757261269,-0.0160807174428006,-0.0132187019237763
3705,"KE",0.529589782782477,0.624296342219803,0.293269855300181,2002,0.638144724937858,0.389947155352849,0.179100272643207,2013,0.0186344816797344,-0.0341255748153312,-0.035390793773169
3706,"KE",0.381653015516982,0.433229670700258,0.264805878282573,2002,0.549355396845326,0.393366151059305,0.250150486801931,2013,0.0399464183695703,-0.00836497723052558,-0.00503126412851135
3707,"KE",0.495830130570885,0.631625756433501,0.273538102672348,2002,0.637582344044333,0.412571295017003,0.172140514308293,2013,0.0259898785222779,-0.0315282297216627,-0.0336990075184955
3806,"GH",0.641304325897305,0.653580761104711,0.625610887266232,2002,0.675327336254154,0.603936645806673,0.668790271884702,2013,0.00482298468391597,-0.0069051931441533,0.00627450493841659
3807,"GH",0.18948656904823,0.284133379828198,0.143178465336522,2002,0.250519100538441,0.093200497051757,0.2222419017621,2013,0.0292812940860381,-0.0610893898082427,0.0502001827768199
3808,"GH",0.678979273410833,0.705949363556265,0.66000024024248,2002,0.620630285863183,0.493672832547905,0.60824027081592,2013,-0.00781239372267726,-0.0273360490872763,-0.00712946977765062
3809,"GH",0.607947451612952,0.643178254402107,0.592181878361203,2002,0.508364699170777,0.397232745719586,0.487260421697665,2013,-0.0148910526242435,-0.0347628086840192,-0.0161070687751135
3810,"GH",0.266542080949014,0.401283563142205,0.229448244954452,2002,0.278669728848317,0.133898666615555,0.252598952360182,2013,0.00413635791191283,-0.0605749153434552,0.00917248142200915
3811,"GH",0.28425565256952,0.384539771693958,0.234858403835776,2002,0.180176078503644,0.0675536984005187,0.165804162176284,2013,-0.033286161154597,-0.0749387134313988,-0.0267295452500424
3812,"GH",0.198729769753823,0.330850619383638,0.148034988819564,2002,0.253913091823608,0.0877416024896064,0.232793488849189,2013,0.0252436544807662,-0.0667999949911299,0.0520506553616401
3813,"GH",0.00899304459302836,0.0187116240819507,0.00746993055669387,2002,0.0210436619410451,0.00444302531916699,0.0160023122020559,2013,0.121817550960526,-0.0693229693152332,0.10383912578333
3814,"GH",0.142522621045689,0.212600035654179,0.100429472721317,2002,0.100059833260941,0.0442759980052339,0.0934392489933963,2013,-0.0270851981717315,-0.0719764001625293,-0.00632757364085531
3815,"GH",0.181798859348903,0.293149225592961,0.11122863143759,2002,0.262668408079841,0.117819462473436,0.236031145716658,2013,0.0404390719704612,-0.054371862461045,0.102003260937765
3906,"LS",0.579094610063149,0.666395317091017,0.0964096555326927,2002,0.805155004384032,0.704604014045144,0.267307696099561,2013,0.0354880611581259,0.00521239843053429,0.161147609336812
3907,"LS",0.472085252054337,0.564119432378051,0.0977953489589846,2002,0.648209062774491,0.5130438776062,0.109335478390865,2013,0.0339160256549829,-0.00823093831817292,0.0107275313886913
3908,"LS",0.554294579796007,0.630214420590412,0.159422792440645,2002,0.680906077145398,0.535024114470909,0.0959980868677289,2013,0.0207653773683082,-0.0137313014585971,-0.0361672395555187
3909,"LS",0.876534229953177,0.897753373324417,0.499567052622732,2002,0.910341949001942,0.856629767852939,0.539227579762381,2013,0.00350634225043032,-0.0041642946708986,0.00721725431713717
3910,"LS",0.930746295574638,0.945878970136388,0.547409739609557,2002,0.928749473902732,0.893943905182579,0.575024874361346,2013,-0.000195036223902934,-0.00499151550073533,0.00458608353846193
3911,"LS",0.343934237007775,0.392149472448978,0.106962239509434,2002,0.461806275454969,0.314139644026774,0.0639763003809586,2013,0.0311560720213896,-0.0180844373946198,-0.0365345066255697
3912,"LS",0.470812177978503,0.541405293233316,0.094306939497455,2002,0.598050467840747,0.469987879713153,0.120675952869177,2013,0.0245684325963465,-0.0119919258628281,0.025418946331702
3913,"LS",0.65517505800791,0.701795716535766,0.2822257127498,2002,0.812434164863851,0.734647730008239,0.331150650208292,2013,0.0218205535554386,0.00425557838121061,0.0157594485059504
3914,"LS",0.812899680604552,0.853348879481336,0.378479525652302,2002,0.82870055307805,0.74908834854691,0.348645505993905,2013,0.00176706054438102,-0.0111070985300979,-0.00716599821518583
3915,"LS",0.815902025788979,0.850167631329046,0.324324963070539,2002,0.81406989860359,0.712030493187759,0.250170185401335,2013,-0.000204138501424174,-0.0147711124094155,-0.0207857679552308
3947,"EG",0.0655135035879373,0.108643273284027,0.204650789664302,1999,0.0626695530964032,0.0169293659092839,0.156302570537263,2013,-0.00310072442624287,-0.0602981959755935,-0.0168748150399264
3948,"EG",0.00150919720856777,0.0102905443020996,0.177309906792698,1999,0.0944030155135422,0.0221642851196004,0.188002325923935,2013,4.39655778476192,0.0824178312836334,0.00430739735570829
3950,"EG",0.0188071336102616,0.058170308479268,0.347508582794883,1999,0.119471048381749,0.0297918302144835,0.306089613896553,2013,0.382316613235077,-0.0348465431035622,-0.00851345240068051
3951,"EG",0,0.00137809862263311,0.0230086704549325,1999,0.00236274756468348,0.001340450334737,0.00421997840191669,2013,,-0.00195135774536418,-0.0583279870510975
3952,"BD",0.171833653301586,0.310267651028486,0.16400317446597,1999,0.479756910814947,0.162799078151881,0.207856631629732,2013,0.12799889876757,-0.0339496220642705,0.0190995680883091
3953,"BD",0.192001219783804,0.331385479389411,0.189031797380044,1999,0.292608750689365,0.108584572881138,0.136633286853813,2013,0.0374281591316548,-0.0480236807424375,-0.0197995829471425
3954,"BD",0.196965758765889,0.35988077765252,0.187002253921406,1999,0.305822142520536,0.146243881028795,0.165462178189547,2013,0.0394761811961267,-0.0424023156496566,-0.00822758445808128
3955,"BD",0.18828233632848,0.376942649304492,0.171643601441271,1999,0.431406793996779,0.209007700484426,0.240585050514751,2013,0.0922339983093041,-0.0318227547593263,0.0286896171962412
3956,"BD",0.161569613644634,0.30491574288958,0.151828648723927,1999,0.371368761200512,0.156108337869853,0.182070998021486,2013,0.0927504439653415,-0.0348591393078745,0.0142276693175106
3957,"BD",0.325270793766061,0.527979987988633,0.31792196500537,1999,0.555283046640151,0.26111273630403,0.320497961164107,2013,0.050510057923245,-0.03610353987377,0.000578757512463586
3958,"BD",0.266436060627691,0.44973402662433,0.25880191176586,1999,0.494729103054959,0.232849544646878,0.286330165617151,2013,0.0612028486280929,-0.0344464679022734,0.00759771762543887
3989,"RW",0.189539399805159,0.21426108925165,0.0425665272355402,2005,0.22228805176606,0.162828224739885,0.0487809586535034,2013,0.0215975227278379,-0.0300059524873398,0.0182491731812416
3990,"RW",0.652267501165165,0.689047957373938,0.188069583463483,2005,0.807488176344507,0.661916000831069,0.263551301816178,2013,0.0297463607534613,-0.00492200075707942,0.0501687440378627
3991,"RW",0.65451568453213,0.685150321782357,0.176424086595609,2005,0.819262704012785,0.699223311479123,0.251220203561476,2013,0.0314635354381199,0.00256750038082093,0.0529945474064653
3992,"RW",0.720523900563314,0.767779921687747,0.239784375252526,2005,0.804018268840898,0.647508627812047,0.191455871556283,2013,0.014485010180146,-0.0195810170464144,-0.0251937306409906
3993,"RW",0.708938875834204,0.743502310934317,0.141357442810061,2005,0.779819164868861,0.614717754847173,0.170210129687702,2013,0.0124976023058499,-0.0216516738067209,0.0255139438575668
4085,"ZW",0.00317667562815581,0.0190600537689348,0.177893835176725,1999,0.315105761216595,0.148273297979479,0.214245000489882,2013,7.01382563996238,0.484233547056047,0.01459585041552
4086,"ZW",0.0111403351863654,0.0684334875733874,0.261002138651989,1999,0.445637599604983,0.237205454600654,0.319160892484596,2013,2.78586939870789,0.176158499726027,0.0159163320415091
4087,"ZW",0.00173512753671945,0.0242917855140723,0.170042498598506,1999,0.24374408791063,0.101539761615205,0.148134811148061,2013,9.96258427498937,0.227143145795352,-0.00920261011680223
4088,"ZW",0.015148584347704,0.0589111613521823,0.299605334876813,1999,0.326408750231307,0.183028573248254,0.233510513642934,2013,1.46765324609726,0.150489809021895,-0.0157575921053072
4089,"ZW",0.00141704536228817,0.0559732918103828,0.246792051303139,1999,0.557488819383068,0.378200293085326,0.453410965772374,2013,28.0297395461772,0.411199942550319,0.0598013340086529
4090,"ZW",0.0016530634317303,0.0628164104057514,0.317388178892218,1999,0.291103802694043,0.143061450034421,0.201055155504853,2013,12.5071140088132,0.0912466743623444,-0.0261808795133101
4091,"ZW",0.0372066975953988,0.126502771824356,0.29765358076319,1999,0.321804640512319,0.200403053534386,0.232936206053028,2013,0.546364654964155,0.041727082138924,-0.0155303679206606
4092,"ZW",0.0184767824824566,0.12625801363012,0.406489214614046,1999,0.398873268098832,0.265179812081452,0.304754911005616,2013,1.47055785117487,0.0785929171413741,-0.0178768235681981
4093,"ZW",0,0,0,1999,0.000805266545031289,0,0,2013,,,
4094,"ZW",0,0,0,1999,0,0,0,2013,,,
4197,"TZ",0.878285811411405,0.912918517638635,0.22551385700298,1999,0.848750909031995,0.630521126292724,0.328310708125856,2013,-0.00240199244577728,-0.0220953369323352,0.0325595611757265
4198,"TZ",0.661858272607991,0.750661414130868,0.0899104509628701,1999,0.525930053155509,0.370622207254589,0.210230088217042,2013,-0.0146695432151389,-0.0361623191535025,0.0955868835250147
4199,"TZ",0.490650332745556,0.701119382120727,0.0291958728343854,1999,0.434023522131945,0.139061572133976,0.0219490957414461,2013,-0.0082436960025135,-0.0572612702649719,-0.01772945574007
4200,"TZ",0.779879876428236,0.885576721301448,0.159882205380215,1999,0.597646147197404,0.399899751273498,0.125101795221322,2013,-0.0166906408775086,-0.0391735818144262,-0.0155384084516571
4201,"TZ",0.830672763596684,0.911194728862837,0.145179623870724,1999,0.690360149179804,0.465216759825442,0.158673687994989,2013,-0.0120653162598116,-0.0349602211337551,0.00663909781182554
4202,"TZ",0.901188685351668,0.983926012976358,0.247086997773887,1999,0.697978065959012,0.438701979886728,0.119765181085372,2013,-0.0161065540194487,-0.0395807949769615,-0.0368065319490161
4203,"TZ",0.11449871316912,0.182600627707335,0,1999,0.0204938903494593,0.00268499293388264,0.00191482966417323,2013,-0.0586437176065596,-0.0703782726866064,
4204,"TZ",0.8952441674232,0.976090681777436,0.141166784071608,1999,0.826796659486604,0.599931241161161,0.225173492016146,2013,-0.00546120029335608,-0.0275266755171397,0.042506310378593
4205,"TZ",0.949054788057476,0.994727217815686,0.125759562833022,1999,0.811205203767624,0.629406195614438,0.251842293641138,2013,-0.0103749530604025,-0.0262326779254729,0.0716121234883302
4206,"TZ",0.855770153965418,0.963884625801006,0.200812036954728,1999,0.723314217082918,0.480410661234027,0.206357538358654,2013,-0.0110557003009623,-0.0358277886040861,0.00197252739001338
4207,"TZ",0.898083026782714,1,0.0990070716861809,1999,0.605854618520385,0.36720874057135,0.101811025333815,2013,-0.0232422360856773,-0.045199375673475,0.00202291008098172
4208,"TZ",0.735057203351997,0.842884757334474,0.182173081736302,1999,0.697877846189363,0.448374394691826,0.163082762925204,2013,-0.00361287306164638,-0.0334319862497523,-0.00748515745463719
4209,"TZ",0.919959529722579,0.955100541575708,0.577299441313124,1999,0.834534964801918,0.683002171286962,0.36564249120219,2013,-0.00663263376273747,-0.0203492690368525,-0.0261880620306235
4210,"TZ",0.838570730842705,0.969284351686066,0.460864642083147,1999,0.801668527631209,0.688387610409031,0.446619471605493,2013,-0.00314329079350908,-0.0206998626496532,-0.00220783302528054
4211,"TZ",0.7953630999488,0.926263933185519,0.0974802708469404,1999,0.807155541257969,0.554500434120101,0.306418995115124,2013,0.00105903484386367,-0.0286684331497244,0.153099642224199
4212,"TZ",0.795559937778756,0.828705519806668,0.144509045115307,1999,0.830975625798766,0.656539155350189,0.240835162496859,2013,0.0031797629333778,-0.014839526426765,0.0476125003132853
4213,"TZ",0.876904355003413,0.947244723572891,0.226880759764184,1999,0.722447445988676,0.570329894295459,0.332241510824174,2013,-0.0125813451549714,-0.0284218926065722,0.0331705867905179
4214,"TZ",0.942317858571471,0.995697369042498,0.275210635717949,1999,0.844392067370031,0.616629197891757,0.162854576182126,2013,-0.00742286618884117,-0.0271933006766668,-0.0291610562326242
4215,"TZ",0.710272237949102,0.78226063480603,0.267425232802096,1999,0.673584428791049,0.459783779475556,0.21260947312664,2013,-0.00368951179138109,-0.029445507124036,-0.0146411442344607
4216,"TZ",0.828224230112823,0.911534244597509,0.0940746017847567,1999,0.718496450843126,0.461598159940329,0.237300146874358,2013,-0.00946325672963759,-0.0352573608196343,0.108747694741625
4217,"TZ",0.950380203341358,0.98642260620156,0.340154076396646,1999,0.87673424600355,0.674539627960654,0.357417230763288,2013,-0.00553507481072776,-0.0225839872774409,0.00362507034407039
4218,"TZ",0.837649131348386,0.837649131348386,0.331087596242424,1999,0.733034340027645,0.378624014233683,0.101200667764525,2013,-0.00892078176253821,-0.0391422937579569,-0.049595620849702
4219,"TZ",0.894736842105263,1,0.421052631578947,1999,0.740519960479156,0.513520444141932,0.294424703823619,2013,-0.0123114317264539,-0.0347485397041477,-0.0214815234584933
4220,"TZ",0.962599536438422,1,0.0461595217863144,1999,0.90075044277747,0.724980867340358,0.366443662531601,2013,-0.00458943957182793,-0.019644223761403,0.495616889849282
4221,"TZ",0.938992392028208,0.991324060295376,0.540232444345701,1999,0.802826446525546,0.578782854613093,0.226833954304148,2013,-0.0103580593911603,-0.0297251223464967,-0.0414369900694352
4222,"TZ",0.846919597778538,0.940728176583399,0.24424943897278,1999,0.612768830693912,0.123859832885815,0.0183552303261083,2013,-0.0197481022231965,-0.0620240153191255,-0.0660607479201522
4223,"TZ",0.401012873232682,0.718237533021935,0.129230582222607,1999,0.463895130967785,0.113941214999318,0.00517372993639075,2013,0.0112006125938391,-0.0600971415880921,-0.0685689376487201
4224,"TZ",0.215299033368749,0.362503794288134,0.0230759776990029,1999,0.0678701346594297,0.010186179507843,0,2013,-0.0489116716286325,-0.0694214634699113,-0.0714285714285714
4225,"TZ",0.717743270818396,0.835711572735696,0.506265600287093,1999,0.657520354133322,0.255066031006402,0.0153735132096524,2013,-0.00599328071884511,-0.0496279851867138,-0.0692595358753341
4226,"TZ",0.654917120095507,0.814676688017999,0.543385104575614,1999,0.617875078705598,0.220925605768079,0.0149099136264104,2013,-0.00403999226481268,-0.0520584327660828,-0.0694686468345956
4264,"MW",0.488910109020979,0.591460743832792,0.178085592282839,1999,0.703687158902809,0.497922011116737,0.0697341849684628,2013,0.0313784018076907,-0.011296333900117,-0.0434588005550124
4265,"MW",0.57833820673358,0.685534545649435,0.237165465711274,1999,0.834994972008845,0.745148282875659,0.247713651990234,2013,0.0316987981731865,0.0062113924303458,0.00317686166832516
4266,"MW",0.469952905064404,0.582516712505476,0.166441069531841,1999,0.834315763619098,0.719849756678567,0.189084146419079,2013,0.0553798437837631,0.0168398656118018,0.00971732901832434
4277,"AO",1,1,0.602544534220271,2005,0.781513330635287,0.552919668204374,0.318334678361755,2013,-0.0273108336705891,-0.0558850414744533,-0.0589603422895331
4278,"AO",0.474220084107761,0.530423836457087,0.222920547580706,2005,0.732892630164692,0.690940585123693,0.680577527064462,2013,0.0681836753454937,0.0378274734358571,0.256625614176541
4279,"AO",0.720152219559362,0.823205519262857,0.114344458415348,2005,0.641770415101439,0.38330041093238,0.226234082597649,2013,-0.0136050758313783,-0.0667975824439916,0.122316404455594
4280,"AO",0.750393287924987,0.838802492463668,0.257974572515671,2005,0.647081516623708,0.560786062538001,0.502624146832085,2013,-0.0172096041108923,-0.0414305561236916,0.118543453687452
4281,"AO",0.601246785279211,0.637497077526555,0.212495483450131,2005,0.595480732677314,0.37374606150279,0.227493494056055,2013,-0.00119876994419586,-0.0517161225756323,0.0088225466974715
4282,"AO",0.401956680038913,0.466081600643193,0,2005,0.499060796744758,0.239776128439685,0.09816585492678,2013,0.0301973202362394,-0.0606936295841774,
4283,"AO",0.545607221455267,0.604055894718264,0.173179151924132,2005,0.743699334152891,0.528195610761389,0.306165844209375,2013,0.0453834060721519,-0.0156981093596183,0.0959892478451318
4284,"AO",0.0397705921422981,0.0414400414394112,0.0217720567702773,2005,0.0149872193238199,0.0021640151227072,0.0010820075613536,2013,-0.0778947819339851,-0.118472451258672,-0.118787865492164
4285,"AO",1,1,0.633924548147632,2005,0.562582152268046,0.366651830709119,0.267498640930528,2013,-0.0546772309664942,-0.0791685211613601,-0.0722534543519066
4286,"AO",1,1,0.89303615177981,2005,0.476367859842438,0.21188229398689,0.122945609355629,2013,-0.0654540175196952,-0.0985147132516387,-0.107791064909494
4287,"AO",1,1,0.54309875731744,2005,0.709481956793088,0.429064832873914,0.240842721001791,2013,-0.036314755400864,-0.0713668958907607,-0.0695674663777082
4288,"AO",0.359234224571702,0.412321456123903,0.0612205793294497,2005,0.390019181943824,0.276675072579679,0.237890009114574,2013,0.0107120073988027,-0.0411227640259709,0.360723125540849
4289,"AO",0.601898556689435,0.648643877049671,0.280749616811993,2005,0.709783046727722,0.404895249436112,0.269594335074269,2013,0.0224050400269426,-0.0469727373212554,-0.00496673952060766
4290,"AO",0.96,0.969574052737194,0.347018369160355,2005,0.265957384944471,0.111296103437526,0.0518069912180941,2013,-0.0903701321686887,-0.110651417867036,-0.106338527070106
4291,"AO",0.201259718415384,0.268346291220512,0.0670865728051281,2005,0.481354487602967,0.260641751977817,0.148699992011626,2013,0.173963505584293,-0.00358889776697344,0.152067350801269
4292,"AO",0.852001505217925,0.871734637855535,0.656900106341124,2005,0.518092599113612,0.277316931589721,0.182775652097322,2013,-0.0489888961550171,-0.0852348983929444,-0.0902200444304677
4293,"AO",0.181275347003592,0.277923892942215,0.0339891275631736,2005,0.0891006779250122,0.0174327688338052,0.00540637324744281,2013,-0.0635598487343907,-0.117159378306209,-0.105117269715903
4294,"AO",0.403568299532258,0.430297197046136,0.152222343959495,2005,0.446081119658643,0.353069512936557,0.278216709696858,2013,0.0131677897445298,-0.0224344025012609,0.103462443866724
4332,"AM",0.185352680620104,0.0616463299370201,0.635966681582622,2010,0.0893967599570011,0.0177494508545152,0.34547107986892,2013,-0.172564576787846,-0.237358704767185,-0.152259340059973
4333,"AM",0.000786271142112116,0.000786271142112116,0.00815039589120148,2010,0.00171389649387873,0,0.0102847395160614,2013,0.393259314793446,-0.333333333333333,0.0872899776219854
4334,"AM",0.0762631801839472,0.0170559216673422,0.469347576263293,2010,0.150193646697357,0.0354165421994286,0.413746211398184,2013,0.323137440352775,0.35883178660157,-0.0394884073673641
4335,"AM",0.0650505458748611,0.0381220177246349,0.471116509179891,2010,0.152781186985297,0.039898304759964,0.408798524350878,2013,0.449551139710162,0.0155315933883637,-0.044092408576026
4336,"AM",0.0177343361671793,0.00542650198476459,0.23599949442104,2010,0.136090975589953,0.0655513327318957,0.287357650869017,2013,2.22462305715948,3.69328350110483,0.0725399243954181
4337,"AM",0.0309127265135451,0.0218888256998491,0.1428297086437,2010,0.123819369566657,0.045959120075157,0.295082440851122,2013,1.00181654970274,0.366553764393639,0.355324611509285
4338,"AM",0.0101958770936332,0.0080196020323943,0.115231179171529,2010,0.0352969371304082,0.00918869638278632,0.149988731195433,2013,0.820627782722403,0.0485931989172529,0.100544407841115
4339,"AM",0.0757006102807399,0.0485327066799973,0.303109055480425,2010,0.0645853060979909,0.0164096782796838,0.184862312014892,2013,-0.0489441416721619,-0.220628043765196,-0.130037623233343
4340,"AM",0.0447678293193458,0.0187485538573134,0.134706477352218,2010,0.085322376902932,0.0222130170729873,0.220923237332861,2013,0.301961983267755,0.0615952078587016,0.2133447519261
4341,"AM",0.11518797231462,0.0655791794002161,0.469572918936176,2010,0.127587781166973,0.0628651905806072,0.284196151945784,2013,0.0358828229579527,-0.0137949719429798,-0.131592460236965
4342,"AM",0.0784772292015802,0.0543253456664066,0.369607224435781,2010,0.117749642283756,0.0324911337191517,0.333706477642741,2013,0.166810226277225,-0.133971916051434,-0.0323773855230997
4394,"NP",0.309238076164817,0.428814081040419,0.16216261692459,1999,0.257969536677992,0.086338367652705,0.204112791645084,2013,-0.0118421333497801,-0.0570469861831788,0.0184780013315726
4395,"NP",0.410808280237165,0.620832526219206,0.162559489527664,1999,0.0837922260001742,0.00933713740036119,0.0456472895120286,2013,-0.0568593446433734,-0.0703543068603123,-0.0513711715874152
4396,"NP",0.322179584845705,0.410320457651136,0.189866022251517,1999,0.211969852777448,0.0585363589402947,0.167534144834635,2013,-0.0244339619561285,-0.0612385640385664,-0.0084013668285144
4397,"NP",0.27705533646223,0.404725703123769,0.149282593179305,1999,0.261541481949313,0.0786041213869295,0.210566412449142,2013,-0.00399967919534904,-0.057556015137405,0.0293230146188144
4398,"NP",0.307639274302874,0.504169231656664,0.143756213455955,1999,0.219229188564418,0.0721166097057625,0.169154883207759,2013,-0.0205273079599006,-0.061211394171189,0.0126199115359506
4399,"NP",0.820483409659125,0.916703687320082,0.440809589330562,1999,0.71128512861231,0.427102153472841,0.653830670162,2013,-0.00950644111240491,-0.0381492281700999,0.0345178323163692
4400,"NP",0.586772758270013,0.753796399100257,0.364263109164448,1999,0.429092934177855,0.170920199654349,0.359564926198756,2013,-0.0191945594257266,-0.0552324398150898,-0.000921269514003762
4415,"ET",0.311324367005933,0.504014346971189,0.133402205997498,1999,0.563865911485492,0.382369196365502,0.291184773032309,2013,0.0579417599785762,-0.0172394682436972,0.0844827360639057
4416,"ET",0.210890623899714,0.481809750814844,0.0626818147680541,1999,0.692460783735275,0.668889167360816,0.653426241550551,2013,0.163107623864967,0.0277346306191813,0.673178187973736
4417,"ET",0.467429005200199,0.648619838604541,0.254155875159671,1999,0.490053496142765,0.263937761431646,0.159774236837582,2013,0.00345728452737768,-0.0423627055344942,-0.0265252400331081
4418,"ET",0.39010775463523,0.568204795584738,0.191599575855193,1999,0.504230989113692,0.280112753373334,0.181594783935575,2013,0.0208959178810138,-0.0362158207304877,-0.00372979945842098
4419,"ET",0.353460307794653,0.522422264284993,0.206726998651828,1999,0.767221521650197,0.689844487240832,0.642568809347155,2013,0.0836144024279613,0.0228909275669913,0.150592608173261
4420,"ET",0.299686748699983,0.499164359017988,0.15043644649996,1999,0.596441150574372,0.424590887664185,0.301811182939117,2013,0.0707296638339118,-0.0106711876139371,0.071874079890796
4421,"ET",0.44831023244404,0.631384169126232,0.210669507837517,1999,0.545023555175437,0.29988508788146,0.198642084620912,2013,0.0154091831523751,-0.037502533261115,-0.004077959203244
4422,"ET",0.431048142689857,0.697471148866798,0.172691867414553,1999,0.743306518971431,0.526371507759193,0.44432690386644,2013,0.0517440339615294,-0.0175224494319428,0.11235330820258
4423,"ET",0.158377278375845,0.19618284030177,0.0824458705667264,1999,0.243882831884157,0.134609845157359,0.073401835188898,2013,0.0385632307799492,-0.022418225136197,-0.00783547462774266
4424,"ET",0,0,0,1999,0,0,0,2013,,,
4425,"ET",0.15070261623204,0.1940158419025,0.0976768193265298,1999,0.271077676932832,0.206625454090331,0.158681473905824,2013,0.0570542093857635,0.00464233526506405,0.0446111509070088
5106,"SN",0.51372295716374,0.563953054456681,0.321520578655928,2005,0.707028630119097,0.544310556443618,0.312158264056532,2013,0.047035486311191,-0.00435375290944794,-0.00363985823183304
5107,"SN",0.413332584294743,0.494161934565857,0.224845734912812,2005,0.744844162804373,0.536780595053898,0.255175396619187,2013,0.100255699376834,0.0107805401192738,0.016861372597381
5108,"SN",0.669600921013681,0.734563206012327,0.378104301263411,2005,0.85239593302885,0.684645658820934,0.415882117899652,2013,0.034123872570703,-0.00849442682107247,0.012489218090752
5109,"SN",0.0759910699294021,0.0925616121675538,0.0346222953915666,2005,0.221038921719858,0.0804836008776554,0.0215790746209515,2013,0.23859358067535,-0.016310772639789,-0.0470911179599036
5122,"UG",0.457697559706517,0.653284391548869,0.142278011367301,1999,0.511378975602764,0.236116009008246,0.0649216452631292,2013,0.00837755580822984,-0.0456122050297224,-0.0388356195636035
5123,"UG",0.508485503082993,0.667798529530629,0.132681744721534,1999,0.694229307757273,0.44403755955772,0.186533667657594,2013,0.0260920213834021,-0.023933755047155,0.0289909205827616
5124,"UG",0.636135093131832,0.746211308278639,0.314290680281451,1999,0.690008494598862,0.4629154515025,0.222769808283487,2013,0.00604918695153698,-0.027117544476553,-0.0207998695247901
5125,"UG",0.654652709445708,0.760163826455386,0.36150128823075,1999,0.660227307762338,0.454354618669639,0.232674923229048,2013,0.000608239434893944,-0.028735272689434,-0.0254546346416713
5126,"UG",0.453093456313962,0.592636983487279,0.14707688975763,1999,0.529099440399998,0.290563985145824,0.129420268465322,2013,0.0119820729865636,-0.0364078573222194,-0.00857501975492649
5127,"UG",0.403093997646592,0.545137157941062,0.138289242211928,1999,0.22367446737172,0.103103525816122,0.0336933282824695,2013,-0.0317932809933713,-0.0579190583619705,-0.0540254367566606
5128,"UG",0.302003530154794,0.384750772285477,0.12385921044837,1999,0.393669952534252,0.188656077413984,0.063289170890741,2013,0.0216805465657195,-0.0364047714217443,-0.034930235557871
5129,"UG",0,0.006231046344602,0,1999,0.00162590595332082,0.00152572045416758,0,2013,,-0.0539387267999961,
5130,"UG",0.904278622871341,0.926667718181365,0.384108807370453,1999,0.936099180800761,0.884340463164666,0.807575743550994,2013,0.00251349190113722,-0.00326263157657978,0.0787475780773696
5131,"UG",0.561653059524195,0.708347758931845,0.208892438142688,1999,0.52477510755697,0.218911316353491,0.0545869697990714,2013,-0.00468997610101491,-0.0493539302660765,-0.0527631314249514
5132,"UG",0.770409748886676,0.892070862590936,0.2612446822921,1999,0.810908168915166,0.691701611216056,0.462551391555545,2013,0.00375481267199644,-0.0160436687085058,0.0550405487128624
5133,"UG",0.786452919408284,0.84679539280648,0.257359131578792,1999,0.745366856855953,0.639006084962783,0.445854707886381,2013,-0.00373158860665937,-0.0175273667564684,0.0523158811333426
5134,"UG",0.652151382998095,0.840005700189375,0.268268180159657,1999,0.567995296194393,0.269066421267144,0.0757615576092418,2013,-0.00921741364677109,-0.0485489289616484,-0.0512564443205002
5135,"UG",0.884337153103513,0.942196548344491,0.475686720266147,1999,0.825353926142903,0.708000947204454,0.500652066299848,2013,-0.00476411923355028,-0.0177545303617182,0.0037487676793027
5146,"TL",0.659744082410847,0.594928381277728,0.21743891882613,2008,0.710880898635167,0.343671500738859,0.127590704962283,2013,0.0155020158839333,-0.0844662612999718,-0.0826422559023961
5147,"TL",0.762364707222619,0.71669077333721,0.299654786063822,2008,0.801106980795799,0.499111018809375,0.323985429912123,2013,0.0101637112017743,-0.0607178891154671,0.0162391157958139
5148,"TL",0.695501853025483,0.648231905150727,0.253373653061046,2008,0.620728125655639,0.359004555155446,0.213125225559486,2013,-0.0215020929260139,-0.0892357650702275,-0.0317700179283144
5149,"TL",0.477653553330679,0.436379566034743,0.152581817572679,2008,0.626338440835846,0.280293674195125,0.148338156629269,2013,0.062256372414017,-0.0715367556083921,-0.00556247266013674
5150,"TL",0.491700329498549,0.422258601076287,0.158692066439062,2008,0.643572767680704,0.379389817091709,0.213866991296139,2013,0.0617743894282273,-0.0203045166517913,0.069537092931188
5151,"TL",0.0565977357029425,0.0387123086234223,0.00448479312631433,2008,0.131170262568273,0.052498504010921,0.0262546670553862,2013,0.26351770415951,0.0712238348872717,0.970830685649159
5152,"TL",0.57765859398556,0.497574622185861,0.103100067004981,2008,0.808751481290878,0.477042881519529,0.2646785143124,2013,0.080010196234039,-0.00825272823446483,0.313440043253538
5153,"TL",0.512505251738468,0.438163301648859,0.157411295209952,2008,0.661075219258536,0.28552944063012,0.148467091696234,2013,0.0579779297933454,-0.06966985160298,-0.0113641190764473
5154,"TL",0.596772420191931,0.549115134025388,0.28312111578026,2008,0.577925172088593,0.297235934970462,0.178688619776686,2013,-0.0063163938096459,-0.0917400317155641,-0.0737723116947788
5155,"TL",0.653467497899096,0.611269748931287,0.288103418001773,2008,0.630264721456003,0.34517025842752,0.240983576373678,2013,-0.00710143244084522,-0.087064504981312,-0.0327103662670222
5156,"TL",0.446765415030472,0.399199667181855,0.19614891219224,2008,0.571895527032002,0.291349950354025,0.17861829928424,2013,0.0560160244243596,-0.0540329693104176,-0.017874800030315
5157,"TL",0.726446515442364,0.69451433474129,0.451606318088539,2008,0.774514199384742,0.561486335925457,0.430951234020373,2013,0.0132336470533162,-0.0383082082432139,-0.00914738489735508
5158,"TL",0.720900510926317,0.680425602101961,0.32718352861374,2008,0.739669278596771,0.427179430255366,0.305002690989198,2013,0.00520703408750168,-0.0744375787931173,-0.0135586517564141
5159,"BU",0.856586580191197,0.810326671888461,0.223638356495735,2010,0.872684493380364,0.75148234794663,0.180057870501814,2013,0.00626436508246236,-0.0242060089192976,-0.0649567851072866
5160,"BU",0.801677726928751,0.744653344428035,0.0964967044106355,2010,0.772637348431819,0.602431308217926,0.087769541048888,2013,-0.0120748348625434,-0.0636636439735366,-0.0301466715540515
5161,"BU",0.073978068411161,0.0624203029783762,0.0107170307829864,2010,0.145749574513238,0.0445090805870644,0.00510746674590804,2013,0.323390916810552,-0.0956484858114012,-0.174475068411166
5162,"BU",0.740492768374477,0.647364171334503,0.0663870164247438,2010,0.767718239993648,0.573751179534919,0.0858968733795997,2013,0.0122555649345665,-0.0379039573392078,0.0979602036942079
5163,"BU",0.858538886898553,0.83056074450393,0.250575038769062,2010,0.896219721330651,0.816245622904546,0.283449177487152,2013,0.0146298302100283,-0.00574516341082848,0.0437315955060583
5164,"BU",0.831355654943219,0.762185143262341,0.216418137840481,2010,0.87157943735742,0.699089955467126,0.126340013107897,2013,0.0161277876582386,-0.0275939900573904,-0.138740873926471
5165,"BU",0.894413351045811,0.84661205176284,0.168017204311603,2010,0.880257211447661,0.785021011063314,0.173593853518281,2013,-0.00527576337480402,-0.0242500054860938,0.0110636471813052
5166,"BU",0.901978780311855,0.863366080908648,0.205662111606858,2010,0.968527152425372,0.913469423041418,0.2591593459236,2013,0.02459347291611,0.0193441859873386,0.0867073244536281
5167,"BU",0.876179255558662,0.834190603997292,0.344131030722005,2010,0.918638612691956,0.818923544409181,0.232704243730698,2013,0.0161532231614034,-0.00610054805019106,-0.10793058171043
5168,"BU",0.871103039320092,0.823813432589228,0.283206401793772,2010,0.929889179512566,0.879568401627672,0.368863289145525,2013,0.0224949049419602,0.0225597070213692,0.100817974463406
5169,"BU",0.808644653967606,0.730240475244517,0.138284856427054,2010,0.853497233397315,0.615331268406034,0.0579309628021205,2013,0.0184887882910581,-0.0524526785965068,-0.193691716507225
5170,"BU",0.806800288957784,0.764420314073996,0.374073422220992,2010,0.917050179898883,0.787793228783845,0.107876647586442,2013,0.0455502608886098,0.0101919996453619,-0.237205460052963
5171,"BU",0.881154220424945,0.838055748811569,0.214394693771343,2010,0.930025627936442,0.869748946168717,0.334021706142307,2013,0.0184876481243461,0.0126058429096521,0.185991873627478
5172,"BU",0.814952301757154,0.757630165419173,0.162903874598302,2010,0.852520417830419,0.7374846051674,0.142348557472048,2013,0.0153661819602869,-0.0088634099552725,-0.0420602173663046
5173,"BU",0.849169318869044,0.815494368869549,0.33751024663941,2010,0.894952522188718,0.848235978346679,0.356290482689063,2013,0.0179717606773048,0.0133831332775956,0.018547818164187
5174,"BU",0.757435771336905,0.652140003746266,0.0975052223980242,2010,0.767789525320388,0.588799311980034,0.0656561624591451,2013,0.00455649371000284,-0.032375814703574,-0.108879843067512
5175,"BU",0.904140682573174,0.824046234293558,0.165535751992409,2010,0.859767757786302,0.691456851597939,0.153804621861006,2013,-0.0163591520811368,-0.0536334723214026,-0.023622550798857
5176,"BU",0.903052777708705,0.872946303337235,0.131864737953119,2010,0.889747945730794,0.83449018073299,0.313484284718277,2013,-0.00491105736243856,-0.0146844169976357,0.459105670412376
